Input;Label;Run 0;Run 1;Run 2;Run 3;Run 4;Run 5;Run 6;Run 7;Run 8;Run 9;Run 10;Run 11;Run 12;Run 13;Run 14;Run 15;Run 16;Run 17;Run 18;Run 19;
[1, 2, 10, 12, 14, 15, 18, 20, 21, 22, 24, 26, 28, 29, 34, 35, 37, 38, 39, 41, 46, 47, 55, 56, 57, 58, 59];[2];OK;
[1, 2, 3, 4, 10, 12, 13, 14, 15, 16, 20, 22, 23, 24, 25, 26, 27, 28, 35, 36, 38, 39, 40, 41, 45, 48, 51, 53, 54, 56, 57];[3];OK;
[1, 2, 3, 4, 5, 10, 12, 13, 15, 16, 18, 19, 21, 22, 25, 26, 32, 34, 37, 38, 40, 42, 43, 44, 48, 50, 51, 52, 53, 55, 57, 58];[1];OK;
[1, 2, 3, 4, 5, 10, 14, 18, 22, 26, 27, 30, 31, 34, 35, 40, 41, 42, 43, 45, 47, 48, 49, 51, 54, 55, 57, 58, 59];[3];OK;
[1, 2, 3, 4, 5, 11, 13, 23, 24, 25, 27, 28, 29, 30, 32, 33, 34, 37, 38, 39, 41, 42, 44, 48, 49, 55, 57, 58];[2, 3, 4, 5];OK;
[1, 2, 3, 4, 5, 6, 12, 15, 17, 18, 20, 21, 24, 25, 26, 27, 30, 33, 36, 37, 41, 42, 43, 44, 45, 46, 47, 49, 50, 51, 53, 54, 57];[3];OK;
[1, 2, 3, 4, 5, 6, 7, 8, 9, 10, 12, 13, 14, 17, 19, 20, 24, 26, 28, 29, 31, 32, 36, 37, 38, 40, 41, 45, 46, 47, 48, 49, 51, 54, 55, 56, 58, 59];[3];OK;
[1, 2, 3, 4, 5, 6, 7, 8, 9, 11, 12, 16, 17, 18, 19, 20, 21, 22, 23, 24, 25, 27, 30, 31, 34, 37, 38, 39, 41, 42, 45, 47, 48, 51, 54, 55, 56, 58, 59];[3];OK;
[1, 2, 3, 4, 5, 6, 7, 9, 10, 14, 16, 19, 23, 25, 27, 31, 34, 36, 37, 39, 40, 44, 45, 46, 47, 48, 49, 50, 51, 52, 56, 58, 59];[3];OK;
[1, 2, 3, 4, 5, 6, 7, 9, 11, 12, 13, 14, 15, 18, 19, 20, 21, 23, 27, 28, 30, 34, 35, 38, 41, 45, 46, 48, 49, 51, 52, 54, 55, 57, 59];[1];OK;
[1, 2, 3, 4, 5, 6, 7, 9, 11, 13, 15, 20, 22, 23, 27, 28, 29, 31, 32, 33, 35, 37, 38, 40, 42, 43, 45, 47, 48, 49, 54, 55, 56, 58];[3];OK;
[1, 2, 3, 4, 5, 6, 7, 9, 12, 17, 18, 19, 21, 22, 24, 26, 27, 29, 30, 32, 33, 37, 38, 39, 40, 41, 42, 47, 48, 49, 50, 51, 53, 54, 55, 56, 57, 59];[4];OK;
[1, 2, 3, 4, 5, 6, 9, 10, 11, 12, 14, 15, 17, 20, 22, 23, 25, 27, 29, 30, 31, 33, 34, 35, 36, 39, 40, 41, 42, 44, 45, 46, 49, 50, 54, 57, 59];[3];[1];
[1, 2, 3, 4, 5, 6, 9, 10, 11, 12, 15, 17, 18, 19, 20, 22, 25, 27, 29, 32, 34, 35, 36, 37, 38, 41, 43, 44, 46, 47, 50, 56, 59];[2];OK;
[1, 2, 3, 4, 5, 6, 9, 10, 14, 15, 17, 19, 20, 21, 22, 24, 26, 27, 31, 33, 35, 36, 40, 41, 42, 45, 46, 49, 53, 54, 59];[4];OK;
[1, 2, 3, 4, 5, 7, 10, 11, 13, 14, 16, 18, 20, 22, 23, 24, 28, 29, 33, 35, 38, 39, 40, 41, 42, 43, 45, 47, 48, 49, 50, 57, 58, 59];[3];OK;
[1, 2, 3, 4, 5, 7, 8, 10, 11, 12, 13, 15, 16, 17, 18, 20, 21, 24, 25, 26, 28, 29, 30, 33, 35, 38, 41, 43, 44, 46, 47, 48, 49, 52, 56, 57, 58, 59];[4];OK;
[1, 2, 3, 4, 5, 7, 8, 10, 11, 12, 13, 15, 16, 17, 18, 20, 24, 25, 27, 29, 30, 32, 34, 35, 36, 37, 38, 40, 41, 43, 45, 47, 48, 52, 53, 56, 57, 58];[3];OK;
[1, 2, 3, 4, 5, 7, 8, 9, 10, 11, 12, 13, 15, 17, 20, 22, 24, 26, 27, 28, 29, 30, 32, 33, 35, 37, 39, 40, 41, 42, 47, 48, 49, 53, 54, 55, 56];[2];OK;
[1, 2, 3, 4, 5, 7, 8, 9, 10, 11, 12, 13, 16, 17, 20, 21, 23, 24, 25, 31, 33, 34, 35, 37, 39, 40, 42, 45, 48, 50, 51, 54, 55, 56, 58];[4];OK;
[1, 2, 3, 4, 5, 7, 9, 11, 12, 15, 16, 17, 18, 20, 21, 24, 26, 29, 31, 32, 34, 35, 38, 39, 41, 42, 43, 47, 49, 55, 59];[4];OK;
[1, 2, 3, 4, 5, 7, 9, 11, 12, 15, 16, 20, 23, 26, 29, 30, 31, 32, 35, 37, 39, 43, 47, 48, 49, 52, 53, 54, 55, 56, 57];[1];[2];
[1, 2, 3, 4, 5, 8, 9, 11, 13, 14, 15, 16, 17, 20, 21, 24, 26, 29, 30, 31, 32, 33, 38, 39, 40, 41, 42, 43, 45, 46, 48, 50, 51, 53, 54, 56, 58, 59];[4];OK;
[1, 2, 3, 4, 5, 9, 10, 12, 13, 14, 15, 19, 20, 21, 23, 24, 27, 29, 31, 33, 34, 36, 39, 42, 44, 45, 53, 54, 55, 57];[4];[3];
[1, 2, 3, 4, 6, 11, 13, 15, 17, 18, 19, 20, 24, 25, 26, 28, 30, 33, 34, 38, 41, 43, 45, 46, 47, 48, 50, 54, 57, 58];[3];OK;
[1, 2, 3, 4, 6, 7, 11, 12, 15, 16, 17, 22, 25, 27, 29, 34, 37, 39, 41, 45, 48, 49, 50, 53, 55, 57, 58];[2];[3];
[1, 2, 3, 4, 6, 7, 8, 11, 12, 15, 17, 23, 24, 26, 27, 28, 30, 32, 33, 34, 39, 41, 42, 46, 47, 50, 55, 57, 59];[2];OK;
[1, 2, 3, 4, 6, 7, 8, 9, 11, 13, 14, 16, 18, 22, 23, 25, 26, 27, 28, 29, 30, 31, 32, 34, 35, 36, 38, 41, 43, 45, 46, 47, 48, 49, 50, 52, 53, 56, 57, 58];[3];OK;
[1, 2, 3, 4, 6, 8, 10, 14, 17, 19, 20, 21, 22, 23, 24, 25, 27, 29, 30, 32, 34, 38, 41, 42, 47, 49, 51, 52, 53, 54, 56, 57, 59];[4];OK;
[1, 2, 3, 4, 6, 9, 12, 13, 14, 16, 17, 20, 22, 26, 27, 28, 29, 30, 31, 32, 33, 38, 39, 42, 46, 49, 50, 52, 54, 59];[1];OK;
[1, 2, 3, 4, 7, 10, 12, 17, 20, 21, 22, 24, 25, 26, 28, 30, 31, 33, 34, 35, 36, 40, 44, 46, 47, 49, 50, 51, 52, 53, 54, 55, 56];[4];OK;
[1, 2, 3, 4, 7, 8, 11, 12, 13, 16, 18, 19, 20, 21, 24, 27, 28, 29, 34, 35, 37, 39, 41, 45, 48, 49, 52, 54, 59];[4];OK;
[1, 2, 3, 4, 7, 9, 12, 14, 15, 17, 19, 22, 23, 24, 25, 31, 33, 37, 38, 40, 42, 46, 52, 54, 55, 59];[2];OK;
[1, 2, 3, 4, 8, 12, 13, 15, 16, 17, 18, 20, 23, 25, 26, 30, 35, 36, 37, 40, 42, 45, 48, 49, 50, 51, 52, 55, 56, 59];[2];[3];
[1, 2, 3, 4, 9, 10, 11, 12, 13, 14, 15, 17, 19, 20, 21, 22, 23, 24, 28, 29, 30, 31, 32, 33, 35, 41, 43, 45, 46, 48, 49, 50, 51, 53, 55, 58];[4];OK;
[1, 2, 3, 5, 6, 10, 11, 12, 14, 20, 23, 26, 32, 33, 36, 38, 40, 41, 42, 43, 44, 46, 48, 49, 50, 53, 55, 59];[2];[1];
[1, 2, 3, 5, 6, 7, 10, 12, 14, 19, 22, 24, 28, 29, 30, 31, 32, 33, 42, 43, 46, 47, 48, 49, 56, 58, 59];[2];OK;
[1, 2, 3, 5, 6, 7, 8, 9, 10, 13, 14, 15, 16, 17, 18, 19, 22, 23, 25, 26, 28, 29, 30, 31, 32, 38, 39, 40, 42, 46, 48, 51, 53, 54, 56, 59];[1];OK;
[1, 2, 3, 5, 6, 7, 9, 11, 13, 14, 19, 21, 22, 23, 25, 26, 27, 28, 33, 34, 35, 36, 38, 39, 42, 45, 47, 48, 49, 52, 53, 55, 57, 59];[3];OK;
[1, 2, 3, 5, 6, 7, 9, 14, 16, 18, 19, 21, 22, 23, 24, 25, 31, 32, 33, 34, 38, 40, 42, 44, 46, 47, 48, 49, 50, 51, 55];[2, 5];OK;
[1, 2, 3, 5, 6, 8, 13, 14, 15, 17, 18, 19, 24, 26, 27, 31, 32, 37, 41, 43, 45, 48, 49, 50, 51, 53, 55, 57, 58, 59];[3];OK;
[1, 2, 3, 5, 6, 8, 9, 10, 11, 14, 15, 17, 20, 21, 25, 26, 33, 35, 41, 45, 46, 47, 48, 50, 57, 58, 59];[3];OK;
[1, 2, 3, 5, 7, 10, 11, 13, 18, 20, 21, 23, 24, 26, 27, 29, 30, 31, 34, 36, 40, 42, 43, 45, 51, 52, 53, 54, 55, 56, 59];[1];OK;
[1, 2, 3, 5, 7, 8, 10, 12, 13, 14, 16, 19, 21, 24, 25, 26, 27, 28, 36, 37, 40, 42, 44, 45, 48, 51, 53, 56, 57];[2];[3];
[1, 2, 3, 5, 7, 8, 9, 10, 16, 18, 19, 25, 29, 30, 31, 32, 34, 36, 37, 41, 45, 48, 51, 52, 54, 55, 57, 59];[1];[2];
[1, 2, 3, 5, 7, 9, 11, 12, 13, 14, 15, 16, 19, 21, 24, 25, 26, 29, 31, 33, 34, 36, 38, 39, 42, 43, 45, 49, 51, 53, 54, 56, 57, 58];[2];[3];
[1, 2, 3, 5, 8, 10, 11, 12, 13, 16, 17, 22, 23, 27, 28, 35, 40, 41, 42, 44, 45, 46, 50, 51, 53, 54, 56];[3];[1];
[1, 2, 3, 5, 8, 11, 13, 15, 16, 18, 22, 24, 25, 27, 28, 29, 30, 34, 36, 37, 38, 39, 43, 44, 48, 54, 56, 59];[2, 3, 5];OK;
[1, 2, 3, 5, 9, 11, 15, 18, 19, 24, 28, 33, 39, 41, 42, 43, 44, 46, 52, 54, 55, 58];[2, 3, 5];OK;
[1, 2, 3, 6, 7, 8, 9, 11, 13, 15, 16, 17, 19, 22, 23, 24, 25, 27, 30, 32, 33, 34, 35, 36, 37, 41, 43, 44, 45, 47, 48, 49, 50, 52, 53, 54];[3];OK;
[1, 2, 3, 6, 7, 8, 9, 15, 17, 19, 26, 32, 35, 36, 39, 41, 42, 44, 45, 46, 49, 51, 53, 54, 55, 57];[3];[2];
[1, 2, 3, 6, 8, 10, 11, 12, 13, 15, 16, 20, 21, 22, 24, 27, 28, 29, 30, 31, 32, 34, 35, 39, 40, 43, 47, 48, 49, 51, 53, 55, 56, 59];[2];OK;
[1, 2, 3, 7, 10, 11, 14, 15, 16, 20, 21, 22, 25, 26, 28, 29, 31, 32, 33, 36, 37, 38, 41, 45, 48, 49, 51, 54, 55, 58, 59];[3];OK;
[1, 2, 3, 7, 10, 12, 15, 18, 20, 21, 22, 23, 25, 26, 27, 28, 30, 32, 35, 36, 39, 40, 41, 42, 43, 44, 45, 46, 47, 50, 52, 56, 58, 59];[3];OK;
[1, 2, 3, 7, 16, 17, 18, 21, 22, 23, 25, 29, 30, 31, 33, 34, 37, 38, 44, 45, 46, 48, 49, 53, 54, 55, 57, 58, 59];[3];OK;
[1, 2, 3, 7, 8, 11, 15, 19, 24, 25, 27, 28, 29, 30, 31, 37, 38, 41, 45, 46, 48, 49, 50, 51, 52, 53, 55, 56, 57];[3];OK;
[1, 2, 3, 7, 8, 9, 10, 11, 13, 14, 16, 17, 18, 24, 29, 33, 35, 37, 38, 43, 47, 48, 49, 52, 53, 55, 58];[1];OK;
[1, 2, 3, 9, 10, 13, 14, 17, 19, 22, 23, 25, 30, 31, 33, 35, 37, 39, 40, 41, 42, 43, 45, 46, 47, 49, 51, 52, 53, 54, 55, 56, 58, 59];[3];OK;
[1, 2, 3, 9, 10, 15, 16, 20, 21, 22, 23, 24, 25, 26, 27, 28, 29, 30, 31, 32, 35, 37, 40, 41, 45, 47, 48, 49, 52, 53, 55, 56, 59];[3];OK;
[1, 2, 3, 9, 11, 14, 15, 17, 18, 20, 21, 23, 24, 26, 29, 30, 32, 33, 37, 42, 43, 45, 46, 48, 49, 50, 52, 54, 55];[1];OK;
[1, 2, 4, 10, 13, 15, 18, 20, 28, 32, 34, 35, 36, 37, 40, 41, 43, 44, 46, 48, 51, 52, 55, 59];[1];OK;
[1, 2, 4, 12, 15, 19, 20, 22, 23, 24, 28, 30, 32, 33, 35, 36, 37, 38, 39, 40, 41, 43, 47, 49, 50, 52, 55, 57];[2];OK;
[1, 2, 4, 5, 10, 12, 14, 15, 16, 17, 19, 20, 21, 24, 26, 27, 28, 31, 32, 35, 36, 37, 38, 39, 40, 41, 45, 46, 47, 48, 50, 51, 53, 55, 57, 58];[2];[4];
[1, 2, 4, 5, 11, 12, 15, 16, 19, 22, 23, 24, 27, 28, 30, 32, 33, 34, 36, 37, 41, 43, 44, 46, 48, 50, 51, 52, 53];[2];OK;
[1, 2, 4, 5, 13, 15, 16, 18, 19, 21, 25, 26, 28, 29, 31, 32, 35, 38, 41, 42, 45, 47, 48, 51, 57, 58, 59];[4];OK;
[1, 2, 4, 5, 14, 19, 20, 23, 28, 29, 31, 32, 33, 34, 35, 37, 39, 40, 43, 44, 45, 47, 48, 49, 50, 53, 54, 55, 57, 59];[2, 4, 5];OK;
[1, 2, 4, 5, 6, 7, 8, 11, 13, 14, 15, 16, 17, 18, 19, 20, 21, 22, 24, 26, 27, 31, 33, 34, 35, 37, 44, 45, 48, 49, 51, 57];[4];OK;
[1, 2, 4, 5, 6, 7, 8, 11, 15, 18, 22, 23, 24, 25, 26, 27, 34, 35, 36, 37, 38, 42, 44, 45, 46, 48, 49, 50, 53, 57, 58];[1];OK;
[1, 2, 4, 5, 6, 7, 8, 9, 12, 13, 15, 16, 17, 19, 20, 21, 24, 25, 26, 27, 28, 29, 32, 33, 34, 35, 36, 37, 40, 43, 44, 45, 46, 47, 48, 49, 50, 52, 54, 55, 56, 57, 58];[4];OK;
[1, 2, 4, 5, 6, 7, 9, 11, 12, 14, 15, 17, 19, 20, 21, 23, 26, 27, 31, 32, 33, 34, 35, 36, 37, 40, 41, 44, 45, 46, 51, 52, 55];[2];[4];
[1, 2, 4, 5, 6, 8, 10, 12, 14, 16, 17, 18, 22, 26, 29, 32, 33, 34, 36, 37, 38, 39, 47, 49, 51, 52, 54];[1];OK;
[1, 2, 4, 5, 6, 8, 11, 12, 13, 14, 15, 16, 20, 21, 23, 25, 26, 29, 30, 34, 36, 41, 45, 46, 47, 48, 51, 54, 56, 57, 58, 59];[4];OK;
[1, 2, 4, 5, 6, 9, 14, 15, 16, 17, 18, 19, 21, 22, 23, 24, 25, 26, 27, 29, 30, 34, 35, 40, 41, 42, 43, 44, 52, 55, 56];[4];OK;
[1, 2, 4, 5, 7, 10, 13, 14, 15, 19, 20, 21, 24, 29, 31, 32, 34, 36, 38, 43, 45, 51, 53, 55, 59];[4];OK;
[1, 2, 4, 5, 7, 8, 10, 11, 15, 18, 19, 25, 26, 27, 28, 30, 31, 33, 35, 37, 38, 41, 43, 44, 45, 46, 47, 48, 50, 52, 53, 54, 55, 56, 57];[1];OK;
[1, 2, 4, 5, 7, 8, 12, 15, 17, 18, 19, 21, 22, 26, 27, 28, 30, 31, 33, 34, 35, 38, 39, 41, 43, 45, 46, 51, 53, 54, 56, 57, 58, 59];[4];OK;
[1, 2, 4, 5, 7, 8, 9, 10, 11, 13, 15, 16, 17, 19, 20, 23, 24, 26, 27, 28, 29, 32, 34, 35, 36, 40, 42, 44, 46, 48, 50, 51, 54, 57];[2];OK;
[1, 2, 4, 5, 7, 9, 13, 18, 22, 24, 25, 26, 28, 33, 34, 39, 41, 42, 43, 44, 45, 47, 51, 53, 54, 55, 57, 58];[2, 4, 5];OK;
[1, 2, 4, 5, 7, 9, 14, 15, 16, 17, 20, 21, 22, 23, 24, 25, 26, 27, 29, 30, 32, 33, 34, 37, 39, 41, 42, 43, 44, 48, 49, 52, 56, 58];[4];OK;
[1, 2, 4, 5, 8, 10, 11, 12, 14, 16, 19, 20, 21, 23, 26, 27, 30, 35, 37, 38, 39, 41, 42, 44, 45, 48, 49, 50, 51, 53, 54, 55, 56, 57, 58, 59];[4];OK;
[1, 2, 4, 5, 8, 10, 13, 17, 18, 21, 24, 26, 28, 30, 31, 33, 35, 39, 43, 44, 48, 49, 51, 52, 54, 55, 56, 58];[4];OK;
[1, 2, 4, 5, 8, 9, 10, 11, 13, 15, 16, 17, 18, 19, 20, 21, 22, 24, 25, 27, 28, 30, 31, 32, 33, 36, 42, 44, 46, 52, 54, 55, 56];[4];OK;
[1, 2, 4, 5, 9, 11, 17, 19, 21, 22, 24, 25, 26, 30, 33, 35, 38, 40, 41, 43, 44, 49, 51, 52, 53, 55, 57, 59];[4];OK;
[1, 2, 4, 6, 7, 10, 11, 12, 15, 16, 18, 23, 24, 25, 26, 27, 29, 30, 33, 34, 37, 38, 42, 43, 46, 47, 53, 56, 58];[2];[1];
[1, 2, 4, 6, 7, 10, 12, 13, 15, 18, 19, 20, 24, 26, 27, 29, 31, 34, 35, 36, 38, 40, 42, 43, 44, 45, 46, 51, 53, 54, 55, 57, 58];[2];OK;
[1, 2, 4, 6, 7, 11, 12, 13, 15, 16, 19, 21, 23, 26, 29, 32, 33, 34, 35, 36, 37, 38, 40, 42, 45, 46, 47, 48, 49, 53, 54, 56, 59];[4];OK;
[1, 2, 4, 6, 7, 8, 10, 11, 13, 14, 18, 20, 21, 22, 23, 24, 30, 32, 36, 37, 39, 40, 41, 43, 50, 51, 55, 56, 57];[1];OK;
[1, 2, 4, 6, 7, 8, 16, 17, 18, 19, 20, 21, 23, 25, 27, 30, 33, 35, 36, 37, 38, 41, 43, 45, 47, 48, 50, 55, 56, 57];[4];OK;
[1, 2, 4, 6, 7, 8, 9, 11, 12, 13, 14, 18, 20, 21, 26, 27, 29, 31, 32, 33, 34, 36, 37, 40, 41, 43, 45, 46, 49, 50, 51, 53, 55, 57, 58, 59];[4];OK;
[1, 2, 4, 6, 8, 11, 13, 14, 16, 17, 18, 19, 21, 24, 25, 26, 29, 35, 38, 40, 42, 43, 44, 46, 47, 48, 50, 51, 53, 54, 55, 57, 59];[4];OK;
[1, 2, 4, 6, 8, 12, 13, 15, 16, 19, 21, 24, 27, 29, 33, 34, 35, 36, 38, 41, 44, 45, 46, 48, 49, 51, 53, 57];[4];OK;
[1, 2, 4, 6, 8, 12, 16, 18, 20, 21, 22, 24, 26, 28, 30, 31, 32, 35, 37, 38, 39, 43, 44, 48, 51, 52, 55, 56];[4];OK;
[1, 2, 4, 6, 8, 9, 12, 14, 15, 16, 17, 20, 22, 23, 25, 26, 32, 33, 34, 35, 36, 41, 44, 45, 47, 48, 50, 52, 57, 59];[1];OK;
[1, 2, 4, 6, 8, 9, 13, 16, 17, 20, 22, 29, 30, 31, 33, 34, 38, 39, 42, 43, 44, 46, 48, 49, 50, 51, 53, 55, 56, 57, 58];[2, 4];OK;
[1, 2, 4, 6, 9, 10, 11, 15, 16, 17, 18, 23, 24, 25, 27, 29, 32, 33, 35, 37, 38, 43, 44, 45, 50, 53, 54, 56, 57, 58, 59];[2, 4];[1];
[1, 2, 4, 7, 12, 14, 15, 16, 23, 24, 28, 30, 31, 32, 33, 34, 36, 38, 42, 45, 48, 49, 51, 54, 59];[2];OK;
[1, 2, 4, 7, 9, 12, 13, 14, 16, 18, 25, 27, 28, 30, 32, 33, 34, 36, 37, 38, 42, 43, 44, 45, 46, 47, 48, 52, 53, 54, 55, 57, 58, 59];[1];[2];
[1, 2, 4, 8, 9, 12, 13, 14, 15, 16, 18, 20, 21, 22, 23, 24, 25, 26, 28, 29, 31, 32, 33, 34, 35, 38, 39, 42, 43, 45, 46, 48, 49, 52, 53, 54, 56, 57, 58];[4];OK;
[1, 2, 5, 6, 10, 11, 14, 15, 18, 19, 20, 24, 25, 28, 29, 31, 34, 35, 36, 38, 40, 41, 43, 45, 47, 51, 52, 54, 57, 59];[1];OK;
[1, 2, 5, 6, 7, 12, 17, 18, 19, 20, 22, 23, 25, 33, 35, 39, 40, 46, 48, 50, 53, 55, 57, 58, 59];[2];OK;
[1, 2, 5, 6, 7, 8, 12, 13, 16, 20, 21, 24, 25, 26, 27, 30, 32, 34, 35, 37, 40, 41, 42, 43, 45, 47, 48, 49, 50, 51, 53, 54, 55, 57, 58];[2];OK;
[1, 2, 5, 6, 7, 8, 9, 11, 16, 18, 20, 22, 23, 24, 25, 26, 28, 29, 31, 32, 34, 37, 40, 43, 44, 45, 46, 47, 49, 51, 52, 54, 55, 56, 58];[2];OK;
[1, 2, 5, 6, 8, 9, 10, 13, 17, 18, 20, 22, 24, 25, 28, 29, 30, 35, 39, 40, 43, 47, 49, 52, 55, 59];[2];OK;
[1, 2, 5, 6, 9, 10, 11, 14, 16, 21, 22, 23, 24, 26, 27, 28, 29, 31, 37, 38, 40, 42, 45, 48, 49, 51, 52, 54, 56, 57, 59];[1];[2];
[1, 2, 5, 6, 9, 10, 12, 15, 17, 19, 21, 22, 24, 25, 27, 32, 36, 37, 38, 42, 43, 51, 52, 53, 54, 55, 59];[2];OK;
[1, 2, 5, 7, 13, 14, 16, 17, 20, 24, 26, 27, 32, 33, 36, 40, 41, 42, 43, 45, 46, 49, 53];[2, 5];OK;
[1, 2, 5, 7, 8, 11, 14, 18, 19, 20, 25, 27, 28, 31, 32, 33, 34, 36, 37, 38, 39, 44, 49, 51, 53, 54, 55, 56, 57, 58, 59];[2, 5];OK;
[1, 2, 5, 7, 8, 9, 10, 11, 13, 14, 19, 20, 22, 23, 24, 28, 31, 33, 38, 41, 44, 45, 46, 48, 50, 52, 53, 54, 55, 56];[1];[2, 5];
[1, 2, 5, 7, 8, 9, 10, 12, 13, 15, 16, 17, 18, 19, 24, 25, 26, 28, 29, 32, 33, 36, 40, 41, 42, 43, 44, 48, 49, 50, 57, 58, 59];[2];OK;
[1, 2, 5, 7, 8, 9, 10, 13, 15, 16, 19, 21, 22, 24, 30, 31, 35, 36, 40, 43, 46, 51, 54, 55, 56, 57];[2];OK;
[1, 2, 5, 7, 9, 10, 15, 16, 18, 25, 26, 27, 28, 29, 30, 31, 32, 37, 40, 41, 42, 45, 48, 52, 54, 55, 57];[1];[2];
[1, 2, 5, 8, 10, 11, 12, 16, 17, 18, 19, 20, 22, 23, 28, 29, 31, 32, 33, 34, 37, 38, 39, 41, 45, 46, 47, 48, 49, 50, 51, 55, 58, 59];[1];OK;
[1, 2, 6, 11, 13, 15, 17, 18, 20, 21, 22, 23, 24, 25, 27, 31, 32, 33, 34, 36, 37, 38, 40, 41, 42, 43, 44, 45, 47, 48, 49, 50, 53, 56, 58];[2];[1];
[1, 2, 6, 11, 13, 16, 19, 20, 21, 22, 24, 26, 30, 36, 37, 41, 43, 44, 47, 49, 50, 51, 55];[2];OK;
[1, 2, 6, 7, 8, 10, 12, 13, 18, 19, 20, 21, 24, 27, 30, 31, 36, 44, 45, 46, 51, 52, 55, 57];[2];OK;
[1, 2, 6, 7, 8, 11, 13, 15, 19, 20, 21, 22, 23, 28, 30, 31, 33, 34, 35, 38, 41, 43, 44, 46, 47, 49, 50, 51, 53, 55, 56, 59];[2];OK;
[1, 2, 6, 7, 9, 11, 12, 14, 19, 22, 23, 24, 26, 27, 30, 31, 36, 37, 38, 41, 43, 44, 45, 48, 49, 51, 53, 54, 55, 57, 58, 59];[2];OK;
[1, 2, 6, 8, 10, 11, 13, 14, 18, 19, 20, 22, 25, 27, 31, 32, 34, 37, 38, 45, 49, 51, 52, 54, 56];[1];OK;
[1, 2, 6, 8, 12, 13, 16, 18, 22, 23, 24, 33, 34, 41, 42, 43, 46, 47, 49, 52, 54, 57];[2];OK;
[1, 2, 6, 8, 9, 11, 13, 18, 19, 20, 21, 23, 24, 25, 30, 31, 32, 33, 37, 38, 41, 43, 45, 47, 52, 54, 55, 58, 59];[1];OK;
[1, 2, 6, 9, 10, 11, 12, 14, 15, 17, 18, 19, 21, 22, 26, 27, 28, 29, 32, 34, 39, 40, 42, 44, 45, 48, 49, 50, 56, 57, 58, 59];[2];OK;
[1, 2, 7, 8, 9, 10, 12, 15, 17, 18, 19, 20, 24, 28, 31, 35, 36, 37, 38, 42, 46, 48, 49, 50, 54, 55, 56, 58, 59];[2];OK;
[1, 2, 7, 8, 9, 10, 14, 15, 18, 21, 22, 23, 24, 25, 29, 30, 32, 34, 36, 42, 43, 44, 45, 46, 49, 53, 55, 56, 57, 59];[2];OK;
[1, 2, 7, 8, 9, 12, 15, 18, 19, 23, 24, 25, 27, 31, 33, 34, 38, 40, 41, 42, 43, 44, 46, 47, 51, 52, 54, 55, 57, 59];[2];OK;
[1, 2, 7, 8, 9, 13, 17, 18, 20, 21, 22, 23, 25, 27, 28, 30, 36, 37, 38, 43, 44, 45, 47, 48, 50, 52, 53, 56, 58];[1];[2];
[1, 2, 7, 9, 13, 14, 16, 19, 24, 25, 29, 31, 36, 37, 39, 40, 41, 45, 49, 52, 54, 56, 57, 58];[2];OK;
[1, 2, 9, 10, 11, 13, 15, 17, 18, 19, 20, 21, 23, 24, 28, 30, 31, 32, 35, 38, 39, 40, 44, 46, 47, 52, 53, 58, 59];[1];OK;
[1, 2, 9, 10, 11, 14, 15, 16, 17, 19, 20, 21, 22, 24, 27, 29, 30, 31, 33, 34, 36, 38, 40, 43, 46, 47, 48, 49, 51, 52, 55, 56];[1];[2];
[1, 2, 9, 11, 12, 13, 15, 16, 17, 19, 20, 21, 23, 27, 28, 33, 36, 37, 38, 39, 42, 43, 44, 46, 51, 52, 53, 54, 55];[2];[1];
[1, 3, 10, 12, 13, 15, 17, 18, 19, 23, 25, 26, 28, 31, 35, 36, 38, 39, 41, 45, 46, 47, 49, 50, 51, 52, 55, 56, 59];[3];OK;
[1, 3, 10, 16, 17, 22, 25, 26, 27, 28, 29, 30, 31, 37, 38, 43, 48, 49, 50, 52, 54, 57, 59];[1];OK;
[1, 3, 11, 12, 13, 16, 17, 18, 19, 21, 24, 25, 28, 30, 32, 33, 36, 37, 41, 43, 47, 48, 49, 51, 53, 54, 55, 57];[3];OK;
[1, 3, 12, 21, 23, 25, 32, 35, 37, 39, 44, 46, 47, 52, 54, 55, 57, 58, 59];[1];[3];
[1, 3, 4, 5, 10, 11, 16, 19, 20, 21, 23, 24, 26, 29, 30, 32, 33, 36, 38, 41, 44, 45, 46, 47, 48, 49, 50, 51, 52, 56, 57, 58];[4];OK;
[1, 3, 4, 5, 14, 16, 17, 18, 19, 20, 22, 27, 28, 29, 30, 31, 34, 37, 38, 41, 42, 47, 48, 51, 53, 55, 56, 58];[3, 4, 5];OK;
[1, 3, 4, 5, 6, 11, 12, 15, 16, 19, 23, 25, 26, 28, 30, 31, 36, 37, 38, 39, 43, 44, 45, 49, 51, 53, 54, 55, 57, 58, 59];[3];OK;
[1, 3, 4, 5, 6, 7, 11, 15, 16, 20, 24, 27, 28, 30, 31, 35, 37, 39, 42, 44, 46, 49, 50, 51, 52, 53, 55, 56, 57, 58, 59];[3, 4, 5];OK;
[1, 3, 4, 5, 6, 7, 8, 11, 12, 13, 14, 15, 23, 24, 25, 27, 29, 30, 33, 34, 35, 37, 38, 39, 42, 45, 46, 48, 51, 53, 55, 59];[3];OK;
[1, 3, 4, 5, 6, 7, 9, 11, 12, 13, 15, 16, 17, 18, 19, 20, 22, 23, 24, 26, 27, 28, 29, 33, 35, 37, 40, 41, 43, 46, 47, 48, 51, 52, 55, 58];[3, 4, 5];OK;
[1, 3, 4, 5, 6, 8, 9, 10, 14, 15, 17, 18, 23, 25, 26, 29, 33, 34, 36, 37, 39, 40, 42, 43, 44, 46, 47, 49, 51, 53, 54, 57, 59];[1];OK;
[1, 3, 4, 5, 7, 10, 13, 14, 15, 18, 21, 22, 25, 26, 34, 35, 36, 39, 40, 41, 42, 51, 53, 55];[4];OK;
[1, 3, 4, 5, 7, 12, 13, 15, 17, 18, 19, 21, 23, 26, 27, 30, 33, 35, 37, 43, 49, 50, 51, 52, 54, 55, 59];[4];OK;
[1, 3, 4, 5, 7, 8, 11, 16, 17, 18, 19, 20, 21, 22, 23, 24, 26, 27, 28, 29, 32, 33, 34, 35, 36, 41, 43, 44, 46, 47, 49, 52, 54, 56, 57, 58, 59];[4];OK;
[1, 3, 4, 5, 7, 8, 9, 12, 13, 14, 16, 19, 20, 26, 27, 28, 30, 31, 32, 34, 38, 42, 44, 46, 47, 48, 49, 55, 57, 58, 59];[3, 4, 5];OK;
[1, 3, 4, 5, 8, 10, 13, 15, 17, 18, 22, 23, 25, 26, 28, 29, 31, 32, 37, 39, 40, 42, 43, 45, 47, 48, 50, 56, 57, 58];[3];OK;
[1, 3, 4, 6, 7, 10, 15, 17, 18, 20, 21, 23, 25, 26, 27, 28, 30, 31, 32, 34, 35, 41, 43, 44, 46, 52, 55, 58, 59];[1];[4];
[1, 3, 4, 6, 7, 11, 12, 13, 14, 15, 17, 18, 19, 20, 23, 28, 31, 32, 35, 36, 37, 38, 42, 48, 49, 50, 51, 54, 56, 57, 58, 59];[1];OK;
[1, 3, 4, 6, 7, 9, 10, 14, 17, 18, 19, 20, 23, 24, 26, 33, 34, 35, 37, 39, 40, 41, 44, 45, 46, 49, 51, 54, 59];[3];OK;
[1, 3, 4, 6, 8, 9, 10, 11, 15, 16, 18, 19, 20, 21, 22, 25, 26, 29, 32, 34, 35, 36, 39, 40, 42, 43, 44, 45, 46, 47, 48, 49, 50, 57, 58];[3];OK;
[1, 3, 4, 6, 9, 10, 20, 21, 24, 25, 26, 27, 28, 31, 32, 33, 36, 39, 42, 43, 44, 46, 47, 49, 51, 52, 54, 57, 58];[4];OK;
[1, 3, 4, 6, 9, 12, 13, 17, 18, 19, 21, 22, 23, 24, 25, 27, 31, 35, 37, 41, 44, 45, 46, 47, 48, 49, 50, 51, 54, 55, 56, 57];[4];OK;
[1, 3, 4, 6, 9, 15, 16, 27, 32, 35, 37, 39, 40, 41, 43, 45, 46, 50, 51, 53, 55, 57, 58, 59];[3];OK;
[1, 3, 4, 7, 8, 10, 11, 13, 17, 19, 24, 27, 30, 31, 33, 37, 40, 41, 42, 45, 47, 48, 50, 52, 53, 54, 55, 57];[3];OK;
[1, 3, 4, 7, 8, 9, 11, 14, 15, 18, 19, 21, 22, 23, 24, 27, 28, 29, 30, 32, 33, 35, 36, 38, 44, 45, 48, 49, 50, 51, 52, 53, 54, 55, 58, 59];[4];OK;
[1, 3, 4, 8, 9, 11, 13, 15, 16, 17, 20, 22, 23, 25, 26, 28, 31, 33, 34, 35, 38, 39, 41, 44, 45, 46, 47, 48, 49, 50, 51, 52, 55, 56, 58];[3];OK;
[1, 3, 4, 8, 9, 11, 14, 15, 16, 18, 20, 24, 28, 30, 31, 40, 41, 44, 45, 46, 47, 54, 55, 56, 57, 59];[3];OK;
[1, 3, 4, 8, 9, 12, 13, 15, 18, 19, 24, 25, 30, 31, 32, 35, 36, 38, 40, 41, 43, 44, 47, 48, 53];[3, 4];OK;
[1, 3, 5, 16, 17, 18, 20, 21, 23, 25, 28, 31, 32, 33, 36, 39, 40, 42, 44, 45, 49, 51, 52, 53, 54, 59];[1];[3];
[1, 3, 5, 6, 10, 11, 16, 18, 20, 21, 22, 26, 27, 28, 29, 30, 36, 38, 41, 44, 47, 49, 50, 52, 53, 54, 57, 58, 59];[1];OK;
[1, 3, 5, 6, 10, 13, 14, 15, 18, 21, 25, 26, 27, 28, 29, 32, 35, 40, 41, 42, 48, 49, 50, 58];[1];OK;
[1, 3, 5, 6, 7, 11, 13, 15, 17, 19, 20, 22, 24, 28, 31, 32, 33, 34, 36, 40, 41, 42, 44, 45, 48, 49, 50, 52, 54, 56];[3];OK;
[1, 3, 5, 6, 7, 8, 10, 11, 12, 13, 14, 16, 17, 18, 23, 25, 26, 28, 29, 33, 34, 35, 36, 37, 39, 48, 51, 54, 55, 58, 59];[1];OK;
[1, 3, 5, 6, 7, 8, 10, 11, 15, 16, 17, 21, 22, 23, 24, 25, 26, 28, 30, 32, 35, 38, 40, 41, 44, 46, 47, 52, 53, 54, 55, 56, 59];[1];[5];
[1, 3, 5, 6, 7, 8, 9, 10, 11, 13, 14, 15, 17, 18, 20, 21, 22, 23, 24, 25, 26, 27, 31, 34, 38, 39, 40, 42, 43, 44, 45, 47, 52, 53, 54, 59];[1];OK;
[1, 3, 5, 6, 7, 8, 9, 10, 14, 15, 16, 17, 25, 26, 29, 33, 34, 36, 38, 39, 41, 43, 44, 47, 48, 49, 50, 51, 52, 53];[1];OK;
[1, 3, 5, 6, 8, 11, 12, 13, 14, 15, 18, 21, 23, 24, 26, 27, 28, 29, 30, 32, 33, 37, 39, 41, 43, 44, 46, 48, 50, 51, 53, 54, 55];[5];[1];
[1, 3, 5, 7, 8, 9, 10, 11, 12, 14, 15, 16, 17, 18, 20, 22, 23, 25, 26, 27, 28, 30, 32, 33, 36, 38, 40, 41, 43, 45, 46, 56, 59];[1];OK;
[1, 3, 5, 7, 8, 9, 10, 13, 14, 15, 20, 21, 22, 24, 25, 26, 27, 28, 31, 32, 34, 35, 36, 37, 38, 39, 42, 44, 45, 47, 48, 49, 50, 54, 55, 56, 59];[3];OK;
[1, 3, 5, 7, 8, 9, 12, 13, 15, 16, 18, 19, 20, 24, 26, 27, 29, 30, 31, 35, 36, 37, 38, 39, 45, 46, 47, 48, 49, 50, 51, 52, 53, 54, 57, 58, 59];[3];OK;
[1, 3, 5, 7, 9, 10, 11, 12, 13, 19, 20, 21, 23, 25, 26, 27, 28, 33, 34, 35, 37, 40, 45, 46, 47, 49, 50, 52, 57];[3];OK;
[1, 3, 5, 8, 10, 11, 12, 13, 14, 15, 16, 17, 23, 25, 33, 34, 35, 36, 41, 42, 44, 46, 47, 48, 51, 56, 57, 58, 59];[1];OK;
[1, 3, 5, 8, 10, 11, 13, 15, 17, 18, 21, 23, 24, 27, 28, 31, 34, 39, 41, 42, 47, 54, 55, 56, 57, 58, 59];[3, 5];OK;
[1, 3, 5, 8, 11, 13, 16, 17, 20, 22, 23, 24, 25, 26, 28, 29, 30, 31, 33, 36, 40, 42, 46, 48, 50, 51, 55, 59];[3, 5];OK;
[1, 3, 5, 8, 9, 10, 12, 14, 15, 16, 17, 19, 21, 22, 25, 27, 28, 29, 30, 31, 33, 34, 36, 39, 40, 41, 45, 46, 47, 48, 50, 51, 53, 54, 55, 56, 59];[3];OK;
[1, 3, 6, 11, 12, 16, 19, 20, 21, 24, 25, 28, 31, 37, 38, 39, 40, 42, 43, 44, 47, 49, 50, 51, 52, 56, 57];[3];OK;
[1, 3, 6, 13, 19, 21, 22, 24, 26, 30, 33, 34, 38, 39, 42, 43, 48, 49, 51, 52, 55, 58, 59];[3];OK;
[1, 3, 6, 14, 21, 24, 27, 28, 29, 30, 31, 35, 36, 37, 38, 39, 40, 41, 42, 45, 46, 47, 50, 52, 53, 57, 59];[3];OK;
[1, 3, 6, 7, 10, 14, 15, 18, 20, 24, 25, 27, 28, 30, 33, 36, 37, 39, 40, 42, 44, 47, 49, 50, 52, 53, 54, 55, 58, 59];[3];OK;
[1, 3, 6, 7, 8, 9, 10, 11, 15, 16, 18, 20, 23, 24, 27, 30, 31, 32, 36, 37, 41, 42, 44, 45, 47, 48, 49, 51, 52, 53, 54, 55, 56];[1];OK;
[1, 3, 6, 7, 8, 9, 12, 18, 19, 21, 24, 31, 33, 34, 37, 38, 39, 41, 42, 44, 47, 50, 51, 52, 58];[3];OK;
[1, 3, 6, 7, 9, 15, 16, 20, 22, 24, 26, 27, 31, 33, 37, 38, 40, 41, 42, 44, 45, 47, 48, 51, 53, 54, 55, 56, 58, 59];[3];OK;
[1, 3, 6, 8, 10, 11, 12, 14, 20, 21, 22, 25, 36, 37, 39, 40, 41, 44, 47, 50, 51, 52, 56, 58];[1];OK;
[1, 3, 6, 8, 11, 12, 13, 14, 18, 19, 20, 22, 30, 31, 34, 40, 41, 44, 48, 51, 54, 55, 57, 58, 59];[3];OK;
[1, 3, 6, 8, 9, 10, 12, 13, 14, 16, 19, 20, 21, 23, 24, 25, 26, 27, 29, 32, 33, 34, 36, 37, 38, 40, 42, 43, 46, 47, 49, 56, 58, 59];[3];OK;
[1, 3, 6, 8, 9, 10, 12, 14, 16, 17, 18, 20, 24, 27, 29, 30, 31, 33, 34, 36, 38, 39, 40, 42, 45, 48, 50, 51, 52, 54, 56, 58];[3];OK;
[1, 3, 6, 8, 9, 11, 12, 14, 17, 18, 19, 21, 22, 23, 24, 27, 31, 32, 33, 35, 42, 43, 44, 45, 48, 51, 54, 57, 58];[3];OK;
[1, 3, 7, 8, 10, 11, 14, 15, 18, 19, 20, 21, 22, 24, 26, 27, 28, 29, 30, 32, 38, 42, 43, 45, 47, 52, 53, 57, 58, 59];[3];OK;
[1, 3, 7, 8, 9, 10, 11, 12, 13, 14, 16, 21, 22, 23, 25, 27, 28, 30, 31, 33, 34, 35, 36, 37, 38, 41, 43, 44, 45, 47, 48, 51, 52, 53, 54, 58, 59];[3];OK;
[1, 3, 7, 8, 9, 11, 12, 19, 20, 21, 24, 25, 27, 28, 32, 35, 36, 39, 41, 43, 45, 46, 47, 52, 53, 55, 57, 58];[3];OK;
[1, 3, 7, 8, 9, 12, 16, 20, 23, 25, 28, 30, 31, 32, 34, 35, 36, 38, 40, 42, 43, 44, 47, 51, 52, 53, 55, 56];[1];[3];
[1, 3, 8, 10, 11, 12, 14, 15, 16, 17, 18, 19, 20, 23, 28, 31, 33, 34, 35, 36, 37, 38, 40, 44, 46, 47, 48, 49, 51, 53, 54, 55, 56, 57];[1];OK;
[1, 3, 8, 9, 10, 11, 14, 16, 17, 19, 20, 22, 23, 24, 25, 31, 33, 35, 39, 40, 49, 54, 55, 56, 58, 59];[3];OK;
[1, 3, 8, 9, 10, 11, 15, 16, 18, 20, 23, 24, 27, 28, 29, 30, 31, 32, 33, 35, 42, 45, 47, 49, 51, 53, 54, 55, 56, 58];[3];OK;
[1, 3, 9, 10, 12, 14, 15, 17, 18, 19, 20, 27, 30, 31, 32, 34, 38, 39, 42, 44, 48, 51, 55, 56, 57, 58, 59];[3];OK;
[1, 3, 9, 10, 13, 14, 15, 16, 18, 19, 21, 24, 25, 27, 28, 29, 31, 33, 37, 38, 39, 43, 44, 45, 46, 47, 48, 50, 57, 58, 59];[3];OK;
[1, 4, 10, 13, 15, 18, 20, 21, 22, 23, 24, 25, 28, 35, 36, 37, 38, 40, 41, 45, 49, 50, 54, 55, 58];[4];OK;
[1, 4, 5, 11, 12, 16, 17, 18, 19, 22, 23, 24, 25, 28, 32, 34, 36, 37, 38, 39, 41, 42, 45, 46, 47, 48, 51, 52, 59];[1];OK;
[1, 4, 5, 6, 7, 10, 12, 13, 14, 16, 17, 19, 28, 30, 36, 37, 38, 42, 44, 47, 49, 51, 52, 53, 54, 56, 58, 59];[1];OK;
[1, 4, 5, 6, 7, 10, 12, 18, 19, 23, 24, 26, 28, 32, 36, 39, 40, 43, 47, 48, 51, 52, 54, 58, 59];[4, 5];OK;
[1, 4, 5, 6, 7, 8, 10, 11, 13, 14, 15, 16, 19, 20, 23, 24, 27, 29, 31, 33, 35, 36, 49, 50, 53, 54, 55, 57, 59];[4, 5];[1];
[1, 4, 5, 6, 7, 8, 10, 12, 16, 18, 19, 22, 23, 24, 28, 31, 32, 33, 36, 42, 43, 45, 47, 49, 53, 54, 55, 56];[4, 5];OK;
[1, 4, 5, 6, 7, 9, 10, 11, 12, 14, 15, 16, 19, 20, 22, 23, 26, 27, 28, 29, 31, 32, 34, 35, 36, 37, 38, 39, 43, 47, 48, 49, 51, 54, 55, 56, 58];[4, 5];OK;
[1, 4, 5, 6, 8, 10, 13, 14, 15, 16, 18, 19, 24, 25, 27, 28, 29, 31, 32, 35, 39, 40, 41, 43, 46, 48, 50, 53, 55, 56, 57];[4, 5];OK;
[1, 4, 5, 6, 8, 9, 11, 13, 14, 15, 17, 18, 21, 23, 26, 28, 34, 35, 36, 37, 38, 39, 41, 42, 43, 44, 46, 47, 48, 49, 51, 52, 53, 54, 55, 57, 59];[1];OK;
[1, 4, 5, 7, 8, 11, 12, 13, 15, 16, 19, 20, 21, 22, 23, 25, 27, 29, 30, 33, 35, 38, 39, 41, 42, 43, 44, 45, 48, 50, 52, 53, 56, 58, 59];[4];OK;
[1, 4, 5, 7, 8, 9, 11, 13, 14, 15, 18, 19, 21, 22, 23, 27, 29, 31, 32, 33, 37, 38, 41, 43, 45, 47, 49, 53, 54, 56, 59];[4];OK;
[1, 4, 5, 7, 9, 10, 12, 13, 15, 16, 18, 21, 24, 26, 28, 32, 35, 36, 43, 46, 47, 50, 52, 53, 55, 56, 58, 59];[4];OK;
[1, 4, 5, 8, 11, 12, 13, 14, 18, 19, 22, 25, 26, 27, 28, 30, 33, 35, 36, 38, 39, 42, 43, 45, 47, 48, 55, 56, 57, 58, 59];[4, 5];OK;
[1, 4, 6, 7, 8, 9, 10, 11, 13, 16, 18, 20, 24, 26, 27, 28, 29, 31, 32, 33, 34, 41, 42, 43, 45, 46, 47, 49, 51, 52, 54, 55, 58, 59];[4];OK;
[1, 4, 6, 7, 8, 9, 10, 16, 17, 19, 20, 21, 24, 25, 32, 38, 39, 42, 43, 44, 47, 49, 52, 53, 55];[4];OK;
[1, 4, 6, 7, 8, 9, 11, 12, 15, 19, 20, 22, 24, 25, 26, 27, 28, 29, 33, 34, 41, 42, 43, 45, 47, 48, 49, 50, 51, 53, 56, 59];[4];OK;
[1, 4, 6, 8, 9, 10, 13, 16, 18, 20, 21, 23, 25, 26, 27, 29, 30, 32, 33, 37, 38, 42, 45, 50, 52, 56, 58];[4];OK;
[1, 4, 6, 8, 9, 11, 12, 14, 16, 17, 21, 22, 25, 26, 30, 32, 33, 35, 37, 38, 40, 42, 45, 46, 48, 50, 52, 53, 55, 58, 59];[4];OK;
[1, 4, 7, 10, 11, 12, 13, 14, 18, 19, 21, 22, 24, 25, 26, 28, 29, 33, 34, 38, 39, 40, 41, 43, 44, 46, 49, 50, 51, 54, 55, 58, 59];[4];OK;
[1, 4, 7, 12, 14, 15, 16, 17, 20, 23, 24, 26, 27, 28, 29, 31, 35, 37, 38, 39, 45, 49, 53, 54, 56, 58, 59];[4];OK;
[1, 4, 7, 8, 9, 10, 11, 12, 13, 17, 20, 22, 23, 27, 28, 30, 34, 37, 38, 39, 40, 45, 46, 47, 48, 54, 56];[1];OK;
[1, 4, 7, 8, 9, 10, 11, 18, 19, 22, 25, 26, 28, 29, 31, 34, 35, 37, 38, 43, 45, 46, 47, 49, 50, 55, 57, 58, 59];[4];OK;
[1, 4, 7, 8, 9, 10, 12, 17, 18, 20, 23, 24, 26, 27, 28, 29, 31, 32, 35, 37, 41, 43, 44, 45, 46, 47, 49, 50, 54, 56, 57, 58];[4];OK;
[1, 4, 7, 9, 12, 13, 20, 23, 24, 28, 30, 32, 33, 35, 36, 37, 38, 41, 43, 49, 53, 56, 58];[4];OK;
[1, 4, 8, 13, 15, 22, 23, 24, 25, 30, 31, 32, 34, 35, 36, 37, 38, 39, 44, 45, 46, 53, 55, 57, 58, 59];[4];OK;
[1, 5, 10, 14, 17, 19, 20, 21, 23, 24, 26, 28, 29, 30, 31, 32, 35, 40, 41, 45, 49, 51, 57, 59];[5];OK;
[1, 5, 11, 13, 16, 17, 18, 19, 23, 24, 25, 27, 29, 33, 34, 36, 37, 40, 42, 43, 44, 45, 46, 52, 53, 56, 57, 58, 59];[1];OK;
[1, 5, 6, 12, 14, 15, 16, 20, 23, 25, 27, 28, 29, 30, 32, 33, 34, 35, 41, 44, 47, 48, 49, 51, 52, 53, 54, 58, 59];[1];OK;
[1, 5, 6, 7, 15, 18, 22, 24, 25, 28, 29, 34, 36, 37, 43, 45, 47, 49, 50, 51, 52, 54, 56, 57, 58];[5];OK;
[1, 5, 6, 7, 8, 13, 15, 16, 18, 22, 23, 25, 29, 31, 33, 34, 35, 36, 37, 38, 41, 42, 43, 48, 50, 52, 57];[1];OK;
[1, 5, 6, 7, 8, 9, 11, 18, 19, 20, 22, 25, 27, 28, 33, 35, 37, 38, 40, 42, 43, 44, 46, 48, 49, 50, 51, 52, 55, 56, 57, 58];[1];OK;
[1, 5, 6, 7, 9, 11, 13, 14, 15, 16, 17, 19, 20, 23, 24, 26, 27, 30, 31, 32, 34, 36, 37, 41, 42, 43, 46, 48, 49, 51, 53, 55, 58, 59];[5];OK;
[1, 5, 6, 7, 9, 11, 13, 16, 17, 18, 20, 21, 23, 26, 28, 31, 32, 33, 34, 36, 37, 39, 41, 45, 46, 47, 49, 51, 52, 53, 55, 56, 57, 58];[1];OK;
[1, 5, 6, 8, 10, 11, 13, 15, 17, 19, 20, 23, 25, 28, 30, 34, 36, 37, 39, 40, 41, 42, 44, 45, 46, 48, 49, 53, 56, 57, 58];[1];OK;
[1, 5, 6, 9, 10, 11, 14, 15, 16, 19, 20, 21, 22, 24, 25, 26, 27, 30, 31, 33, 35, 38, 41, 43, 45, 46, 47, 48, 49, 51, 53, 59];[5];OK;
[1, 5, 7, 10, 13, 14, 15, 16, 20, 21, 22, 23, 28, 29, 30, 33, 34, 37, 42, 44, 51, 58];[1];OK;
[1, 5, 7, 12, 14, 16, 17, 19, 21, 27, 28, 31, 33, 39, 43, 45, 48, 49, 51, 52, 56, 58];[1];OK;
[1, 5, 7, 8, 11, 12, 17, 19, 21, 22, 23, 24, 25, 26, 27, 28, 29, 30, 31, 32, 34, 35, 38, 39, 40, 41, 49, 52, 53, 55, 58];[5];OK;
[1, 5, 7, 8, 9, 10, 11, 12, 13, 14, 15, 16, 19, 20, 22, 24, 28, 30, 31, 33, 35, 36, 38, 40, 41, 42, 43, 49, 51, 52, 53, 54, 56];[1];OK;
[1, 5, 8, 9, 12, 14, 16, 17, 18, 19, 22, 23, 24, 26, 27, 28, 30, 31, 34, 35, 36, 37, 42, 43, 45, 46, 47, 48, 51, 52, 53, 54, 56, 59];[5];OK;
[1, 5, 9, 10, 13, 16, 19, 21, 25, 26, 27, 29, 31, 33, 34, 35, 38, 39, 40, 41, 42, 44, 46, 49, 50, 54, 55, 57, 58];[5];OK;
[1, 6, 10, 12, 13, 15, 17, 22, 23, 24, 25, 26, 27, 28, 29, 32, 39, 44, 48, 49, 51, 56, 57, 59];[1];OK;
[1, 6, 7, 10, 11, 12, 18, 19, 21, 24, 25, 27, 30, 34, 35, 37, 38, 39, 42, 44, 45, 47, 49, 50, 51, 52, 53, 56, 57];[1];OK;
[1, 6, 7, 12, 13, 19, 20, 22, 23, 24, 26, 37, 38, 42, 46, 48, 49, 50, 51, 52, 53, 55, 58];[1];OK;
[1, 6, 7, 8, 10, 12, 15, 16, 18, 24, 25, 26, 27, 29, 33, 35, 38, 39, 40, 41, 44, 45, 47, 48, 49, 50, 52, 53, 54, 55, 58, 59];[1];OK;
[1, 6, 8, 9, 11, 13, 14, 15, 16, 19, 22, 23, 24, 25, 29, 31, 32, 37, 38, 40, 41, 42, 43, 44, 46, 47, 48, 49, 50, 52, 53, 54, 56, 58, 59];[1];OK;
[1, 6, 9, 10, 11, 14, 17, 18, 25, 26, 32, 34, 35, 36, 37, 38, 39, 40, 42, 43, 44, 47, 52, 53, 57, 58];[1];OK;
[1, 7, 13, 14, 17, 19, 21, 23, 24, 26, 27, 28, 32, 34, 35, 36, 39, 41, 42, 43, 45, 47, 48, 50, 51, 54, 57, 58, 59];[1];OK;
[1, 7, 8, 12, 13, 14, 15, 17, 20, 22, 24, 25, 27, 29, 30, 32, 34, 35, 36, 39, 40, 41, 42, 43, 44, 46, 47, 49, 52, 53];[1];OK;
[1, 7, 8, 9, 10, 12, 14, 15, 19, 20, 21, 22, 30, 31, 32, 34, 35, 37, 38, 39, 40, 49, 50, 51, 53, 55, 59];[1];OK;
[1, 7, 8, 9, 12, 13, 15, 16, 18, 21, 23, 24, 27, 28, 29, 30, 37, 39, 43, 45, 47, 48, 49, 52, 53, 56];[1];OK;
[1, 7, 9, 10, 13, 15, 16, 17, 18, 20, 23, 26, 30, 31, 33, 37, 39, 40, 44, 46, 49, 52, 55, 56, 58];[1];OK;
[1, 8, 9, 11, 12, 13, 14, 16, 20, 21, 26, 28, 29, 30, 31, 32, 35, 39, 44, 45, 46, 50, 53, 54, 55, 56, 59];[1];OK;
[1, 9, 10, 13, 18, 19, 20, 21, 23, 24, 26, 27, 28, 31, 32, 37, 38, 41, 42, 43, 44, 45, 46, 48, 50, 51, 52, 54, 58, 59];[1];OK;
[1, 9, 14, 16, 17, 18, 19, 23, 26, 28, 29, 30, 32, 33, 38, 43, 44, 48, 50, 51, 52, 57, 59];[1];OK;
[10, 13, 15, 18, 19, 21, 23, 25, 26, 27, 30, 32, 33, 34, 35, 37, 41, 43, 45, 46, 47, 48, 49, 50, 53, 54, 56];[];OK;
[2, 10, 11, 14, 15, 17, 18, 19, 20, 21, 23, 24, 25, 26, 28, 29, 30, 34, 37, 39, 42, 43, 44, 46, 49, 51, 53, 59];[2];OK;
[2, 11, 14, 15, 16, 22, 23, 28, 31, 33, 36, 38, 39, 41, 43, 44, 45, 46, 49, 51, 52, 54, 56, 57, 58];[2];OK;
[2, 3, 4, 12, 14, 17, 18, 19, 20, 22, 23, 24, 25, 26, 28, 29, 32, 33, 35, 36, 37, 39, 40, 42, 43, 45, 46, 47, 48, 49, 50, 51, 53, 54, 57, 58, 59];[3];OK;
[2, 3, 4, 5, 6, 10, 12, 16, 18, 19, 21, 24, 25, 27, 29, 31, 33, 34, 38, 39, 41, 42, 45, 46, 47, 48, 49, 51, 54, 55, 56, 57];[4];OK;
[2, 3, 4, 5, 6, 16, 18, 20, 23, 24, 25, 26, 27, 28, 29, 30, 35, 36, 38, 40, 44, 45, 46, 47, 48, 49, 51, 53, 54, 57, 59];[3];OK;
[2, 3, 4, 5, 6, 7, 10, 11, 15, 16, 20, 22, 25, 26, 27, 29, 31, 32, 33, 34, 39, 40, 42, 46, 47, 49, 52, 54, 56, 57];[2, 3, 4, 5];OK;
[2, 3, 4, 5, 6, 7, 11, 12, 13, 14, 19, 21, 22, 23, 24, 25, 28, 34, 35, 42, 43, 46, 52, 53, 56, 57, 58, 59];[4];OK;
[2, 3, 4, 5, 6, 7, 8, 9, 10, 11, 13, 15, 17, 19, 22, 23, 26, 29, 32, 33, 36, 40, 41, 43, 44, 46, 48, 50, 51, 52, 53, 54, 56, 57, 58];[2, 4, 5];OK;
[2, 3, 4, 5, 6, 8, 9, 10, 11, 12, 13, 16, 17, 20, 21, 23, 25, 26, 27, 30, 33, 34, 35, 38, 44, 47, 48, 52, 53, 56, 58];[4];OK;
[2, 3, 4, 5, 6, 8, 9, 10, 12, 13, 14, 19, 20, 21, 23, 26, 27, 28, 31, 32, 33, 35, 39, 41, 42, 43, 47, 51, 54, 56, 58];[4];OK;
[2, 3, 4, 5, 6, 9, 13, 14, 16, 17, 23, 24, 26, 28, 31, 32, 33, 34, 38, 39, 40, 41, 45, 48, 53, 56, 57, 58];[3];OK;
[2, 3, 4, 5, 7, 11, 13, 20, 21, 22, 24, 29, 30, 32, 33, 34, 35, 38, 41, 42, 45, 47, 49, 50, 51, 52, 54, 55, 56, 57, 58];[4];OK;
[2, 3, 4, 5, 7, 8, 10, 12, 13, 14, 15, 17, 18, 21, 22, 24, 25, 28, 29, 30, 32, 33, 34, 41, 43, 45, 49, 50, 55, 57, 59];[4];OK;
[2, 3, 4, 5, 7, 8, 11, 12, 13, 14, 17, 18, 19, 20, 21, 23, 25, 26, 27, 28, 29, 31, 33, 35, 37, 38, 41, 45, 47, 51, 56, 59];[3];OK;
[2, 3, 4, 5, 7, 8, 9, 10, 16, 17, 18, 20, 23, 26, 27, 28, 30, 32, 33, 35, 37, 40, 43, 44, 48, 49, 50, 52, 53, 57];[2, 3, 4, 5];OK;
[2, 3, 4, 5, 7, 8, 9, 11, 14, 16, 19, 20, 21, 22, 23, 24, 25, 26, 27, 31, 32, 36, 37, 38, 39, 40, 42, 43, 44, 45, 47, 49, 50, 51, 52, 54, 56, 57, 58];[4];OK;
[2, 3, 4, 5, 7, 9, 11, 14, 17, 19, 25, 26, 28, 30, 33, 34, 35, 39, 41, 42, 43, 44, 45, 47, 48, 49, 50, 54, 56];[3];OK;
[2, 3, 4, 5, 8, 9, 11, 14, 20, 22, 23, 26, 29, 33, 34, 35, 37, 38, 41, 42, 45, 46, 52, 56, 57];[3];OK;
[2, 3, 4, 6, 17, 18, 19, 20, 21, 25, 26, 29, 30, 32, 33, 38, 40, 41, 44, 46, 47, 49, 50, 51, 53, 55, 56, 58];[4];OK;
[2, 3, 4, 6, 7, 10, 11, 14, 15, 16, 17, 25, 26, 27, 29, 31, 35, 36, 37, 40, 41, 42, 44, 46, 47, 48, 49, 50, 52, 53, 54, 56, 57, 58];[2, 4];OK;
[2, 3, 4, 6, 8, 9, 11, 13, 15, 16, 25, 28, 29, 32, 34, 35, 41, 42, 43, 45, 46, 48, 50, 52, 54, 55, 57];[3];[2];
[2, 3, 4, 7, 10, 11, 13, 16, 17, 18, 21, 24, 25, 30, 33, 34, 36, 39, 40, 41, 42, 47, 48, 49, 50, 51, 52, 54, 56, 58, 59];[4];OK;
[2, 3, 4, 7, 8, 10, 13, 14, 17, 18, 19, 20, 24, 25, 26, 30, 32, 33, 35, 36, 39, 40, 42, 45, 46, 47, 49, 55, 58];[3];OK;
[2, 3, 4, 7, 8, 11, 17, 18, 19, 20, 21, 26, 30, 31, 32, 34, 37, 38, 39, 40, 44, 45, 47, 48, 51, 53, 55, 57, 58, 59];[3];OK;
[2, 3, 4, 7, 8, 9, 11, 12, 13, 14, 16, 18, 21, 22, 23, 25, 26, 27, 28, 29, 31, 32, 33, 34, 35, 39, 40, 42, 43, 44, 45, 47, 50, 52, 57, 59];[3];OK;
[2, 3, 4, 9, 10, 12, 15, 17, 19, 20, 22, 23, 27, 31, 36, 40, 41, 43, 46, 48, 49, 50, 52, 53, 56];[2];OK;
[2, 3, 5, 12, 13, 19, 21, 22, 24, 30, 31, 32, 33, 34, 35, 36, 37, 38, 40, 41, 44, 45, 48, 51, 53, 55, 58, 59];[3];OK;
[2, 3, 5, 6, 11, 12, 14, 16, 17, 18, 21, 24, 26, 27, 30, 32, 33, 36, 37, 39, 41, 42, 43, 44, 45, 50, 51, 52, 53, 54, 58, 59];[2];[3];
[2, 3, 5, 6, 7, 10, 13, 14, 22, 25, 26, 27, 29, 30, 32, 33, 35, 36, 40, 41, 42, 43, 45, 46, 47, 52, 53, 55, 56, 57];[3];OK;
[2, 3, 5, 6, 8, 10, 11, 12, 13, 14, 16, 17, 19, 20, 21, 22, 26, 34, 35, 36, 38, 39, 40, 41, 44, 47, 48, 51, 52, 53, 56, 59];[2];OK;
[2, 3, 5, 6, 9, 10, 11, 13, 15, 17, 21, 26, 27, 34, 36, 37, 38, 39, 41, 42, 43, 44, 45, 47, 48, 51, 52, 54, 56, 57, 59];[3];OK;
[2, 3, 5, 7, 11, 14, 15, 17, 18, 21, 22, 23, 25, 29, 35, 39, 40, 43, 45, 46, 48, 49, 52, 58];[3];OK;
[2, 3, 5, 7, 8, 11, 12, 14, 17, 18, 19, 20, 25, 27, 29, 30, 32, 33, 40, 42, 43, 45, 46, 48, 52, 54, 55, 57, 58, 59];[3];OK;
[2, 3, 5, 7, 9, 11, 12, 14, 15, 17, 18, 20, 22, 24, 26, 27, 30, 31, 33, 36, 38, 42, 49, 50, 51, 53, 54, 55, 56];[2];OK;
[2, 3, 5, 7, 9, 13, 14, 15, 16, 17, 18, 22, 23, 26, 27, 29, 32, 33, 34, 38, 41, 42, 45, 46, 48, 52, 53, 54, 55, 59];[3];OK;
[2, 3, 5, 8, 10, 11, 15, 16, 19, 20, 21, 23, 26, 29, 30, 31, 32, 33, 34, 36, 37, 46, 48, 51, 52, 55, 58, 59];[2, 3, 5];OK;
[2, 3, 5, 8, 9, 11, 12, 14, 17, 19, 20, 27, 28, 30, 31, 32, 33, 35, 37, 38, 39, 40, 46, 47, 48, 49, 50, 51, 53, 54, 55, 56, 58];[2];OK;
[2, 3, 6, 7, 11, 12, 13, 15, 18, 19, 21, 23, 26, 32, 33, 34, 36, 37, 38, 39, 42, 45, 46, 48, 49, 50, 53, 55, 56, 57, 58];[2];[3];
[2, 3, 6, 7, 8, 9, 12, 13, 14, 16, 21, 23, 26, 28, 30, 35, 36, 40, 46, 48, 50, 53, 54, 55, 56, 59];[2];OK;
[2, 3, 6, 7, 9, 10, 12, 13, 14, 16, 18, 21, 26, 27, 28, 29, 30, 33, 34, 35, 36, 37, 38, 39, 40, 46, 47, 48, 52, 54, 55, 56, 58, 59];[2];OK;
[2, 3, 6, 7, 9, 10, 16, 17, 18, 21, 22, 24, 25, 27, 29, 30, 32, 33, 34, 35, 36, 39, 41, 42, 46, 47, 49, 50, 53, 54, 55, 56, 57];[2];OK;
[2, 3, 6, 8, 11, 12, 13, 17, 21, 22, 31, 32, 33, 35, 37, 39, 41, 43, 45, 49, 54, 55, 56];[3];OK;
[2, 3, 6, 8, 11, 12, 15, 16, 19, 23, 26, 28, 29, 38, 40, 41, 44, 45, 46, 49, 51, 52, 55, 57];[2];[3];
[2, 3, 6, 8, 11, 12, 16, 18, 20, 21, 22, 24, 26, 29, 30, 31, 33, 34, 40, 42, 46, 52, 54, 58];[2];OK;
[2, 3, 6, 8, 9, 13, 14, 17, 18, 28, 31, 37, 38, 41, 42, 44, 46, 49, 51, 53, 56, 57, 58, 59];[2];OK;
[2, 3, 6, 9, 11, 12, 13, 15, 17, 19, 20, 22, 23, 24, 28, 29, 31, 34, 35, 36, 37, 42, 44, 45, 46, 47, 48, 49, 50, 51, 52, 55, 57, 58];[3];OK;
[2, 3, 7, 10, 13, 14, 15, 16, 18, 19, 20, 22, 23, 25, 27, 28, 30, 31, 32, 35, 36, 39, 40, 42, 44, 46, 47, 48, 51, 53, 57, 58];[2, 3];OK;
[2, 3, 7, 10, 13, 14, 15, 19, 21, 25, 27, 29, 30, 31, 32, 36, 37, 41, 44, 46, 47, 50, 51, 52, 53, 55, 57, 59];[2, 3];OK;
[2, 3, 7, 8, 12, 13, 14, 16, 21, 23, 27, 28, 29, 30, 31, 33, 34, 35, 36, 37, 38, 40, 41, 42, 43, 44, 47, 50, 53, 58];[2];OK;
[2, 3, 8, 10, 11, 17, 20, 22, 25, 28, 30, 31, 32, 33, 35, 36, 37, 38, 41, 45, 46, 51, 53, 56, 57, 58, 59];[3];OK;
[2, 3, 9, 11, 12, 13, 14, 17, 22, 23, 25, 26, 29, 32, 36, 37, 38, 39, 41, 44, 45, 46, 48, 49, 50, 52, 56, 57, 58];[2];OK;
[2, 3, 9, 14, 15, 16, 17, 22, 23, 32, 34, 37, 40, 42, 43, 44, 48, 51, 54, 55, 56, 57, 59];[2];OK;
[2, 4, 5, 10, 11, 12, 13, 14, 18, 21, 22, 23, 29, 34, 35, 36, 38, 39, 41, 42, 44, 47, 48, 50, 51, 52, 53, 54, 57, 58, 59];[4];OK;
[2, 4, 5, 10, 12, 14, 15, 16, 17, 18, 19, 21, 22, 23, 24, 25, 27, 31, 32, 33, 36, 37, 38, 39, 40, 43, 45, 47, 50, 54, 55, 56];[4];OK;
[2, 4, 5, 6, 10, 14, 15, 16, 17, 18, 19, 20, 21, 22, 26, 28, 29, 31, 33, 35, 37, 40, 41, 43, 48, 52, 54, 55, 56, 57, 58];[4];OK;
[2, 4, 5, 6, 11, 12, 13, 14, 15, 16, 17, 18, 19, 23, 25, 27, 30, 31, 33, 36, 37, 40, 42, 43, 44, 46, 47, 49, 54, 56, 57, 58];[2];OK;
[2, 4, 5, 6, 7, 8, 10, 11, 12, 15, 17, 19, 24, 25, 26, 30, 31, 32, 33, 34, 35, 36, 38, 43, 45, 47, 48, 54, 55, 58, 59];[2];OK;
[2, 4, 5, 6, 7, 8, 9, 12, 13, 14, 16, 17, 19, 21, 23, 24, 27, 29, 31, 32, 36, 37, 38, 40, 41, 42, 43, 49, 50, 52, 53, 55, 58, 59];[4];OK;
[2, 4, 5, 6, 7, 8, 9, 13, 14, 19, 23, 24, 27, 28, 30, 31, 32, 33, 34, 35, 36, 40, 42, 44, 48, 54, 55, 57, 59];[2, 4, 5];OK;
[2, 4, 5, 6, 7, 9, 11, 13, 14, 16, 21, 22, 24, 28, 32, 35, 36, 37, 40, 41, 42, 43, 45, 46, 47, 48, 49, 52, 53, 55, 59];[4];OK;
[2, 4, 5, 6, 8, 10, 11, 13, 20, 21, 24, 25, 27, 35, 38, 40, 41, 45, 46, 47, 48, 51, 53, 58, 59];[4];OK;
[2, 4, 5, 6, 9, 11, 12, 18, 20, 21, 22, 23, 24, 29, 31, 32, 33, 36, 38, 39, 43, 46, 48, 50, 51, 53, 56];[4];OK;
[2, 4, 5, 7, 8, 9, 14, 22, 28, 29, 30, 34, 36, 39, 40, 42, 45, 49, 52, 53, 54, 55, 59];[2];OK;
[2, 4, 5, 8, 10, 11, 12, 15, 17, 18, 19, 20, 21, 22, 25, 28, 29, 30, 31, 32, 36, 39, 40, 42, 45, 47, 48, 50, 54, 55, 56, 57, 58, 59];[4];OK;
[2, 4, 5, 8, 10, 12, 16, 17, 19, 20, 23, 24, 25, 29, 30, 32, 33, 34, 36, 37, 41, 44, 48, 49, 52, 54, 55, 56, 57];[2];OK;
[2, 4, 5, 9, 12, 13, 14, 15, 16, 17, 19, 21, 22, 23, 28, 30, 31, 32, 35, 36, 40, 41, 42, 45, 46, 47, 48, 49, 52, 53, 55, 56, 57];[4];OK;
[2, 4, 6, 7, 9, 10, 15, 21, 22, 23, 24, 28, 32, 33, 36, 38, 39, 40, 43, 44, 47, 49, 55, 58, 59];[4];OK;
[2, 4, 6, 7, 9, 11, 12, 13, 14, 15, 18, 19, 20, 22, 23, 24, 29, 30, 32, 33, 34, 35, 37, 39, 40, 41, 43, 44, 46, 48, 49, 50, 51, 52, 53, 54, 55, 56, 58];[2];OK;
[2, 4, 6, 8, 10, 11, 12, 13, 14, 15, 18, 19, 20, 21, 22, 24, 25, 27, 30, 34, 35, 36, 39, 40, 41, 42, 43, 44, 46, 48, 49, 50, 51, 52, 53, 56];[4];OK;
[2, 4, 6, 8, 10, 14, 15, 18, 21, 25, 27, 34, 35, 36, 37, 38, 43, 44, 46, 49, 50, 51, 52, 53, 54, 56, 57, 58];[4];OK;
[2, 4, 6, 8, 14, 18, 19, 25, 27, 30, 31, 32, 34, 37, 38, 39, 41, 43, 44, 46, 47, 48, 49, 50, 53, 54, 57];[2, 4];OK;
[2, 4, 6, 8, 9, 10, 11, 12, 13, 16, 17, 18, 19, 21, 23, 27, 28, 34, 37, 41, 43, 46, 49, 50, 53, 54, 55, 56];[4];OK;
[2, 4, 6, 8, 9, 11, 12, 13, 14, 18, 20, 21, 23, 24, 27, 28, 29, 30, 31, 33, 34, 35, 36, 40, 41, 42, 43, 46, 49, 51, 52, 54, 55];[4];OK;
[2, 4, 6, 8, 9, 11, 12, 15, 18, 19, 20, 22, 23, 24, 27, 30, 31, 34, 37, 39, 42, 44, 45, 46, 47, 48, 49, 51, 53, 55, 56, 57, 58, 59];[2];OK;
[2, 4, 7, 8, 9, 10, 11, 12, 14, 15, 17, 20, 21, 22, 26, 27, 29, 31, 33, 34, 35, 38, 42, 43, 44, 45, 47, 53, 54, 55, 57, 58];[4];OK;
[2, 4, 7, 9, 10, 14, 16, 17, 18, 21, 22, 24, 25, 26, 28, 30, 31, 33, 35, 37, 38, 39, 40, 42, 43, 44, 47, 51, 52, 53, 54, 55, 57, 58];[4];OK;
[2, 4, 7, 9, 12, 14, 19, 20, 25, 28, 29, 30, 31, 35, 36, 37, 38, 41, 43, 44, 45, 47, 48, 53, 55, 56, 57];[2];OK;
[2, 4, 9, 10, 11, 13, 14, 17, 20, 21, 24, 26, 27, 29, 30, 33, 35, 36, 37, 38, 40, 45, 49, 52, 53, 56, 57, 58];[4];OK;
[2, 4, 9, 11, 13, 14, 16, 17, 19, 20, 21, 23, 24, 25, 32, 34, 37, 38, 39, 40, 41, 42, 44, 48, 49, 50, 51, 53, 56, 57, 59];[4];OK;
[2, 5, 12, 16, 18, 19, 20, 23, 24, 31, 32, 36, 37, 38, 39, 41, 45, 46, 47, 52, 53, 54, 56, 57, 59];[2];OK;
[2, 5, 6, 7, 11, 13, 14, 15, 18, 21, 23, 24, 32, 33, 34, 36, 41, 43, 44, 46, 47, 49, 50, 51, 52, 54, 55, 56, 58, 59];[2, 5];OK;
[2, 5, 6, 7, 8, 9, 11, 16, 21, 27, 29, 32, 34, 38, 43, 44, 47, 49, 50, 54, 55, 56, 57, 58];[2];OK;
[2, 5, 6, 7, 9, 10, 14, 20, 22, 25, 27, 30, 31, 34, 35, 36, 37, 38, 39, 41, 42, 43, 44, 47, 49, 50, 51, 53, 55, 57, 58, 59];[2];OK;
[2, 5, 6, 7, 9, 11, 12, 15, 17, 18, 19, 20, 21, 22, 23, 25, 29, 30, 31, 33, 34, 37, 38, 40, 42, 44, 46, 47, 49, 50, 51, 53, 55, 57, 58, 59];[2];OK;
[2, 5, 6, 7, 9, 11, 13, 14, 16, 18, 21, 22, 34, 35, 39, 40, 41, 42, 43, 44, 45, 46, 52, 55];[2];OK;
[2, 5, 6, 8, 9, 11, 13, 14, 16, 19, 20, 22, 23, 26, 27, 30, 32, 33, 35, 36, 38, 39, 40, 41, 43, 45, 46, 47, 48, 53, 54, 56, 57, 58, 59];[2, 5];OK;
[2, 5, 7, 11, 12, 14, 15, 17, 18, 19, 20, 21, 22, 23, 24, 25, 27, 28, 31, 38, 42, 44, 45, 47, 48, 49, 50, 51, 52, 53, 54, 55, 57, 59];[2];OK;
[2, 5, 7, 8, 11, 13, 17, 19, 25, 26, 27, 29, 30, 35, 36, 37, 38, 40, 41, 42, 43, 44, 45, 46, 47, 48, 50, 51, 52, 54, 59];[2, 5];OK;
[2, 5, 7, 8, 9, 10, 11, 13, 15, 17, 20, 21, 22, 23, 25, 28, 29, 30, 31, 34, 39, 40, 42, 44, 46, 47, 49, 50, 53, 55, 56, 57, 58];[2];OK;
[2, 5, 9, 11, 14, 15, 16, 21, 22, 23, 24, 27, 31, 34, 35, 36, 38, 40, 42, 43, 45, 47, 48, 51, 52, 54, 57, 58];[2];OK;
[2, 6, 10, 14, 17, 20, 21, 22, 23, 24, 26, 27, 28, 30, 31, 32, 33, 34, 36, 39, 43, 44, 48, 50, 58];[2];OK;
[2, 6, 11, 12, 16, 18, 19, 21, 23, 25, 28, 29, 31, 32, 34, 36, 37, 40, 41, 42, 45, 46, 48, 49, 50, 53, 54, 57, 58];[2];OK;
[2, 6, 12, 13, 15, 16, 17, 19, 20, 21, 23, 25, 28, 29, 30, 37, 38, 40, 42, 43, 44, 48, 49, 50, 51, 52, 53, 54, 55, 56];[2];OK;
[2, 6, 13, 16, 21, 23, 24, 26, 27, 28, 29, 31, 33, 35, 36, 37, 38, 39, 40, 42, 44, 45, 49, 55, 57];[2];OK;
[2, 6, 15, 18, 23, 24, 26, 27, 29, 32, 33, 37, 38, 39, 40, 41, 44, 47, 52, 54, 55, 58];[2];OK;
[2, 6, 7, 8, 9, 10, 11, 12, 14, 15, 20, 22, 24, 25, 27, 28, 29, 32, 34, 36, 37, 38, 41, 43, 45, 48, 49, 50, 51, 52, 54, 55, 58, 59];[2];OK;
[2, 6, 7, 9, 10, 11, 18, 23, 25, 27, 30, 32, 33, 36, 37, 41, 44, 46, 47, 48, 50, 52, 53, 54, 55, 57, 59];[2];OK;
[2, 6, 8, 14, 18, 20, 21, 22, 23, 24, 25, 28, 29, 30, 37, 39, 40, 42, 43, 45, 48, 50, 52, 53, 56, 57, 58, 59];[2];OK;
[2, 6, 8, 9, 11, 14, 15, 16, 17, 19, 20, 21, 26, 27, 32, 33, 34, 36, 38, 39, 40, 41, 44, 45, 48, 49, 50, 51, 52, 59];[2];OK;
[2, 6, 8, 9, 12, 13, 14, 15, 18, 19, 21, 23, 24, 25, 26, 29, 32, 33, 34, 35, 38, 39, 40, 43, 48, 49, 50, 51, 58];[2];OK;
[2, 6, 9, 10, 15, 16, 17, 21, 22, 24, 25, 29, 30, 31, 34, 35, 37, 42, 43, 45, 49, 51, 53, 54, 58, 59];[2];OK;
[2, 6, 9, 11, 13, 15, 16, 17, 18, 19, 20, 21, 24, 25, 26, 30, 31, 33, 36, 39, 42, 46, 48, 49, 50, 53, 56];[2];OK;
[2, 7, 10, 17, 21, 27, 29, 30, 32, 34, 38, 39, 40, 41, 42, 45, 46, 48, 49, 51, 53, 54, 56, 57, 58];[2];OK;
[2, 7, 8, 10, 11, 12, 15, 16, 17, 20, 21, 23, 28, 30, 31, 32, 33, 35, 36, 38, 41, 42, 43, 44, 49, 54, 56, 59];[2];OK;
[2, 7, 8, 12, 13, 15, 16, 17, 18, 20, 21, 22, 23, 33, 34, 37, 40, 42, 43, 51, 55, 57, 59];[2];OK;
[2, 7, 8, 9, 10, 11, 13, 14, 15, 16, 18, 19, 23, 27, 30, 31, 35, 36, 38, 39, 43, 44, 47, 50, 51, 52, 53, 56, 57, 59];[2];OK;
[2, 7, 9, 11, 12, 13, 14, 16, 20, 21, 26, 27, 28, 30, 32, 33, 36, 37, 39, 40, 42, 46, 47, 49, 52, 53, 54, 56, 59];[2];OK;
[2, 8, 13, 18, 19, 23, 24, 29, 30, 31, 32, 34, 35, 39, 41, 42, 44, 45, 46, 48, 51, 54, 56, 57, 58];[2];OK;
[2, 8, 9, 10, 13, 14, 15, 17, 19, 20, 21, 24, 26, 29, 31, 32, 33, 35, 36, 38, 39, 40, 43, 44, 45, 46, 47, 49, 54, 55, 57];[2];OK;
[2, 9, 10, 11, 13, 18, 21, 24, 26, 28, 30, 32, 33, 36, 37, 38, 39, 40, 42, 45, 48, 50, 51, 54, 55, 56, 59];[2];OK;
[2, 9, 10, 11, 14, 19, 22, 23, 24, 25, 26, 27, 29, 31, 32, 33, 37, 40, 41, 42, 43, 44, 45, 47, 49, 52, 53, 54, 56, 57];[2];OK;
[2, 9, 10, 12, 15, 16, 19, 24, 25, 26, 27, 28, 33, 34, 37, 39, 40, 44, 46, 47, 52, 54, 55, 56, 58, 59];[2];OK;
[3, 10, 14, 15, 16, 18, 19, 21, 22, 23, 25, 30, 32, 33, 35, 38, 39, 40, 42, 44, 46, 49, 52, 53, 55, 58];[3];OK;
[3, 4, 11, 13, 14, 15, 16, 18, 19, 25, 26, 27, 28, 30, 34, 36, 37, 38, 39, 45, 48, 49, 50, 51, 52, 58];[3];OK;
[3, 4, 12, 13, 14, 15, 16, 17, 18, 20, 21, 22, 24, 25, 27, 29, 32, 35, 36, 37, 40, 41, 42, 43, 44, 46, 48, 50, 56, 57, 58, 59];[4];OK;
[3, 4, 5, 10, 12, 17, 24, 25, 26, 27, 29, 30, 34, 35, 36, 37, 38, 42, 44, 45, 46, 47, 49, 52, 53, 55, 56];[3];OK;
[3, 4, 5, 10, 13, 14, 15, 17, 19, 23, 24, 25, 26, 27, 30, 33, 40, 41, 45, 48, 49, 50, 52, 57, 58, 59];[3];OK;
[3, 4, 5, 6, 11, 13, 14, 15, 16, 20, 21, 22, 29, 32, 33, 35, 36, 38, 39, 40, 42, 44, 45, 48, 49, 51, 53, 54];[4];OK;
[3, 4, 5, 6, 15, 24, 25, 30, 31, 33, 35, 38, 40, 41, 43, 44, 45, 46, 47, 48, 49, 51, 52, 53, 54, 56, 58];[3];OK;
[3, 4, 5, 6, 7, 10, 11, 12, 15, 17, 19, 20, 23, 24, 25, 26, 27, 29, 32, 35, 36, 38, 39, 41, 43, 44, 45, 47, 48, 50, 51, 53, 54, 55, 56, 57, 58];[3];OK;
[3, 4, 5, 6, 7, 8, 9, 10, 12, 14, 17, 21, 22, 23, 25, 26, 27, 30, 31, 36, 38, 43, 44, 45, 50, 51, 52, 53, 54, 55, 58];[4];[3];
[3, 4, 5, 6, 7, 8, 9, 11, 13, 15, 16, 17, 18, 20, 22, 24, 26, 30, 33, 38, 40, 41, 42, 43, 44, 45, 46, 51, 52, 56, 58];[3];OK;
[3, 4, 5, 6, 7, 8, 9, 11, 18, 20, 25, 26, 30, 33, 34, 35, 36, 37, 38, 40, 43, 45, 46, 49, 52, 54, 56, 57, 58, 59];[3];OK;
[3, 4, 5, 6, 8, 12, 14, 15, 16, 17, 19, 20, 30, 32, 34, 36, 39, 40, 41, 44, 45, 48, 52, 56, 58];[3];OK;
[3, 4, 5, 6, 8, 9, 10, 11, 12, 13, 14, 16, 18, 24, 25, 28, 29, 31, 32, 33, 34, 39, 41, 44, 50, 52, 53, 54, 55, 56, 57, 58, 59];[4, 5];OK;
[3, 4, 5, 6, 9, 11, 12, 13, 16, 17, 18, 21, 22, 23, 24, 25, 29, 32, 33, 34, 35, 41, 45, 47, 48, 49, 50, 52, 53];[3];OK;
[3, 4, 5, 6, 9, 11, 12, 13, 18, 19, 22, 23, 26, 27, 28, 29, 33, 36, 38, 39, 40, 42, 45, 47, 48, 49, 50, 51, 52, 53, 54, 55, 56, 58, 59];[3];OK;
[3, 4, 5, 7, 11, 12, 13, 16, 17, 20, 22, 23, 24, 25, 26, 28, 33, 35, 36, 37, 39, 40, 41, 42, 47, 48, 50, 51, 52, 53, 55];[3, 4, 5];OK;
[3, 4, 5, 7, 8, 13, 14, 20, 22, 23, 25, 26, 27, 28, 29, 31, 32, 36, 37, 42, 43, 44, 46, 47, 48, 49, 56, 58];[3, 4, 5];OK;
[3, 4, 5, 7, 8, 9, 11, 14, 15, 17, 18, 21, 22, 24, 26, 27, 28, 34, 36, 39, 44, 46, 47, 48, 49, 50, 51, 55, 56, 57, 58];[4];OK;
[3, 4, 5, 7, 8, 9, 12, 16, 18, 20, 21, 22, 23, 24, 26, 28, 36, 37, 38, 39, 40, 42, 46, 47, 51, 54];[4];OK;
[3, 4, 5, 8, 13, 14, 15, 16, 19, 25, 27, 30, 31, 34, 35, 36, 38, 40, 41, 42, 43, 46, 47, 49, 50, 51, 52, 56];[3, 4, 5];OK;
[3, 4, 5, 8, 9, 12, 16, 18, 21, 22, 23, 24, 25, 26, 27, 31, 33, 35, 37, 42, 44, 45, 47, 50, 52, 53, 58];[3];OK;
[3, 4, 5, 9, 18, 20, 22, 23, 25, 26, 29, 30, 33, 34, 36, 37, 38, 39, 47, 48, 50, 51, 52, 53, 54, 55, 58];[3, 4, 5];OK;
[3, 4, 6, 10, 13, 18, 27, 30, 31, 32, 33, 34, 37, 39, 41, 44, 49, 50, 51, 52, 54, 56, 57, 58];[4];OK;
[3, 4, 6, 10, 14, 17, 18, 20, 21, 23, 25, 26, 32, 33, 37, 38, 40, 44, 49, 51, 53, 58];[4];OK;
[3, 4, 6, 7, 10, 14, 16, 19, 21, 24, 26, 30, 31, 33, 34, 35, 36, 38, 41, 43, 44, 46, 52, 53, 54, 56, 58, 59];[4];OK;
[3, 4, 6, 7, 8, 10, 11, 12, 15, 18, 19, 20, 21, 24, 27, 28, 33, 34, 37, 38, 40, 41, 44, 46, 47, 55, 58];[4];OK;
[3, 4, 6, 7, 8, 11, 12, 13, 16, 19, 21, 22, 25, 27, 28, 29, 31, 35, 37, 39, 41, 42, 43, 48, 49, 52, 55, 58];[4];OK;
[3, 4, 6, 7, 8, 9, 10, 11, 12, 13, 15, 16, 17, 20, 22, 24, 26, 27, 28, 30, 31, 32, 34, 38, 40, 42, 43, 45, 47, 49, 53, 54, 58];[3];OK;
[3, 4, 6, 7, 9, 11, 13, 14, 15, 17, 18, 20, 21, 22, 25, 27, 32, 33, 35, 36, 37, 38, 39, 44, 45, 46, 48, 49, 50, 53, 54, 58, 59];[4];OK;
[3, 4, 6, 7, 9, 12, 14, 18, 19, 21, 24, 25, 29, 31, 32, 33, 37, 38, 39, 42, 43, 44, 48, 49, 52, 53, 54, 56, 57, 58, 59];[4];OK;
[3, 4, 6, 8, 9, 12, 14, 15, 16, 17, 18, 21, 22, 23, 25, 29, 31, 32, 33, 34, 36, 39, 40, 41, 42, 44, 45, 46, 51, 53, 56];[4];OK;
[3, 4, 7, 10, 12, 13, 15, 16, 18, 19, 23, 26, 27, 28, 29, 30, 31, 33, 37, 39, 41, 42, 43, 44, 47, 48, 54, 57, 59];[3, 4];OK;
[3, 4, 7, 11, 13, 15, 16, 19, 20, 21, 22, 23, 24, 25, 28, 29, 30, 31, 33, 34, 36, 38, 44, 46, 47, 51, 52, 57, 58];[4];OK;
[3, 4, 7, 8, 9, 10, 15, 16, 17, 20, 23, 25, 27, 30, 31, 34, 36, 37, 38, 39, 40, 41, 43, 44, 47, 48, 51, 52, 54, 59];[3, 4];OK;
[3, 4, 7, 9, 10, 11, 12, 13, 18, 20, 24, 26, 27, 28, 30, 35, 36, 42, 47, 48, 51, 52, 54, 55, 57, 58];[3, 4];OK;
[3, 4, 7, 9, 10, 11, 13, 16, 17, 19, 20, 21, 25, 26, 27, 28, 31, 32, 36, 42, 43, 46, 48, 49, 50, 54, 55, 56, 58, 59];[4];OK;
[3, 4, 8, 11, 12, 14, 16, 17, 19, 20, 23, 26, 27, 30, 31, 33, 34, 35, 39, 40, 41, 43, 45, 47, 48, 49, 50, 51, 52, 53, 55, 56, 57];[3];OK;
[3, 4, 8, 12, 14, 19, 20, 22, 24, 28, 30, 31, 32, 34, 36, 37, 38, 40, 42, 44, 45, 46, 47, 48, 51, 53, 56, 58];[3];OK;
[3, 4, 8, 9, 11, 12, 16, 20, 21, 25, 28, 30, 31, 32, 33, 36, 38, 43, 44, 47, 48, 51, 52, 53, 56];[4];OK;
[3, 4, 8, 9, 12, 13, 14, 15, 17, 18, 19, 20, 22, 23, 25, 26, 28, 31, 35, 37, 38, 39, 40, 41, 43, 45, 47, 49, 50, 51, 52, 53, 57];[3];OK;
[3, 4, 9, 10, 11, 12, 14, 15, 20, 21, 24, 25, 26, 28, 29, 32, 35, 36, 37, 52, 53, 57];[4];OK;
[3, 4, 9, 13, 14, 15, 16, 18, 19, 20, 23, 25, 28, 30, 31, 32, 33, 35, 36, 37, 38, 41, 46, 49, 51, 52, 56, 57, 58];[3, 4];OK;
[3, 5, 6, 10, 12, 14, 15, 16, 19, 20, 21, 22, 23, 24, 25, 26, 28, 30, 31, 33, 35, 41, 42, 43, 45, 46, 51, 52, 57, 58];[3];OK;
[3, 5, 6, 7, 8, 10, 13, 15, 16, 17, 18, 19, 20, 22, 27, 28, 30, 32, 33, 35, 36, 37, 38, 39, 41, 43, 45, 50, 51, 52, 53, 55, 58];[3];OK;
[3, 5, 6, 7, 8, 12, 14, 17, 19, 20, 24, 25, 26, 27, 30, 32, 33, 39, 42, 43, 44, 46, 48, 49, 50, 52, 53, 54, 55, 59];[3, 5];OK;
[3, 5, 6, 7, 8, 9, 10, 11, 13, 15, 17, 21, 23, 25, 27, 32, 33, 34, 35, 37, 42, 43, 47, 49, 50, 51, 53, 55, 56, 57, 59];[5];OK;
[3, 5, 6, 7, 8, 9, 10, 14, 20, 23, 26, 27, 30, 34, 36, 37, 38, 39, 40, 41, 44, 45, 46, 47, 48, 49, 53, 54, 56, 59];[3];OK;
[3, 5, 6, 8, 13, 14, 15, 16, 18, 19, 21, 23, 25, 27, 31, 38, 39, 40, 41, 43, 44, 47, 49, 51, 52, 54, 56];[5];OK;
[3, 5, 6, 9, 10, 12, 13, 15, 16, 18, 19, 20, 22, 23, 24, 25, 26, 30, 32, 33, 35, 37, 40, 41, 43, 46, 50, 51, 52, 53, 54, 56, 57];[3, 5];OK;
[3, 5, 6, 9, 12, 13, 14, 19, 21, 23, 26, 28, 29, 30, 31, 35, 36, 39, 40, 45, 47, 48, 49, 50, 51, 54, 58, 59];[3];OK;
[3, 5, 7, 10, 13, 14, 16, 19, 24, 25, 26, 27, 28, 29, 30, 31, 33, 34, 39, 40, 47, 48, 50];[3, 5];OK;
[3, 5, 7, 11, 12, 15, 17, 18, 20, 23, 24, 26, 27, 31, 32, 34, 38, 42, 49, 52, 53, 54, 55, 56, 58, 59];[3, 5];OK;
[3, 5, 7, 8, 9, 10, 11, 12, 13, 14, 16, 17, 26, 31, 36, 39, 40, 41, 44, 45, 46, 48, 50, 52, 55, 56, 58, 59];[3];OK;
[3, 5, 7, 9, 10, 12, 15, 16, 18, 27, 28, 34, 37, 38, 41, 42, 44, 45, 47, 48, 51, 52, 54, 55, 56];[3];OK;
[3, 5, 8, 10, 11, 16, 17, 18, 19, 20, 21, 27, 30, 31, 32, 37, 39, 41, 51, 52, 53, 54, 55, 58, 59];[3, 5];OK;
[3, 5, 8, 12, 21, 23, 26, 27, 28, 29, 31, 32, 33, 34, 35, 40, 42, 46, 48, 54, 55, 58];[3, 5];OK;
[3, 5, 8, 9, 11, 12, 13, 14, 16, 17, 24, 25, 30, 33, 34, 38, 40, 44, 48, 49, 50, 51, 52, 54, 58];[3, 5];OK;
[3, 5, 8, 9, 11, 12, 13, 15, 16, 19, 20, 21, 23, 26, 29, 33, 36, 37, 38, 43, 46, 48, 49, 51, 53, 55, 56];[3, 5];OK;
[3, 6, 7, 10, 11, 13, 14, 17, 20, 22, 24, 26, 29, 30, 33, 34, 35, 43, 44, 49, 51, 52, 53, 58, 59];[3];OK;
[3, 6, 7, 10, 11, 14, 15, 16, 17, 18, 21, 22, 24, 25, 28, 29, 30, 31, 32, 33, 35, 38, 41, 43, 44, 49, 51, 54, 57, 58, 59];[3];OK;
[3, 6, 7, 8, 9, 11, 14, 16, 17, 18, 19, 22, 24, 26, 27, 30, 32, 36, 37, 45, 46, 48, 52, 53, 54, 58];[3];OK;
[3, 6, 7, 9, 10, 13, 16, 17, 19, 20, 21, 28, 29, 31, 33, 36, 38, 39, 42, 43, 50, 53, 54, 56];[3];OK;
[3, 6, 8, 11, 14, 15, 17, 18, 20, 22, 23, 27, 28, 30, 32, 34, 35, 36, 37, 38, 40, 41, 45, 46, 47, 49, 54, 56, 58];[3];OK;
[3, 6, 8, 9, 10, 11, 12, 13, 14, 15, 18, 19, 21, 23, 26, 27, 29, 32, 36, 38, 39, 40, 41, 43, 45, 48, 51, 52, 54, 58, 59];[3];OK;
[3, 6, 8, 9, 10, 11, 15, 18, 19, 21, 24, 26, 29, 30, 31, 32, 34, 35, 36, 38, 40, 42, 43, 47, 48, 49, 51, 52, 54, 57, 59];[3];OK;
[3, 6, 9, 10, 11, 12, 16, 19, 20, 23, 27, 29, 33, 34, 36, 39, 43, 44, 45, 48, 50, 52, 53, 54, 55, 56, 58];[3];OK;
[3, 7, 8, 9, 10, 11, 14, 15, 19, 20, 21, 22, 23, 25, 26, 29, 30, 31, 32, 36, 37, 38, 39, 40, 43, 44, 46, 47, 50, 53, 55, 57, 59];[3];OK;
[3, 7, 8, 9, 13, 14, 15, 17, 18, 19, 21, 23, 25, 26, 27, 28, 32, 34, 36, 44, 47, 48, 51, 52, 53, 54, 55, 58];[3];OK;
[3, 7, 9, 11, 12, 17, 25, 26, 29, 33, 38, 40, 41, 43, 44, 49, 50, 52, 54, 57, 59];[3];OK;
[3, 8, 11, 12, 13, 15, 18, 21, 22, 24, 25, 26, 28, 30, 33, 34, 35, 37, 39, 42, 44, 45, 46, 47, 51, 53, 56, 57];[3];OK;
[3, 8, 9, 15, 18, 20, 21, 22, 23, 24, 25, 30, 33, 34, 36, 37, 38, 39, 40, 41, 46, 47, 49, 50, 51, 52, 54, 55, 56, 59];[3];OK;
[3, 9, 11, 13, 15, 17, 21, 24, 26, 28, 29, 32, 33, 34, 35, 36, 39, 41, 44, 46, 52, 55, 57, 58];[3];OK;
[4, 5, 6, 13, 14, 15, 22, 24, 25, 26, 29, 30, 34, 35, 37, 38, 39, 44, 45, 47, 48, 51, 53, 55, 56, 57, 59];[4, 5];OK;
[4, 5, 6, 7, 11, 12, 15, 16, 17, 19, 20, 23, 24, 26, 28, 29, 30, 31, 32, 34, 35, 36, 38, 40, 41, 42, 45, 46, 50, 51, 54, 59];[4, 5];OK;
[4, 5, 6, 7, 8, 10, 13, 14, 15, 16, 22, 27, 28, 29, 30, 32, 37, 38, 40, 43, 44, 45, 46, 49, 52, 55, 58];[4, 5];OK;
[4, 5, 6, 7, 8, 11, 12, 19, 20, 21, 22, 23, 25, 27, 28, 29, 31, 33, 34, 36, 37, 38, 39, 41, 42, 45, 46, 48, 49, 50, 52, 54, 57];[4];OK;
[4, 5, 6, 7, 8, 11, 13, 14, 15, 16, 18, 19, 20, 21, 25, 26, 32, 34, 35, 38, 41, 44, 45, 49, 51, 52, 53, 55];[4];OK;
[4, 5, 6, 7, 9, 10, 12, 13, 14, 16, 17, 18, 19, 20, 22, 25, 31, 34, 36, 37, 38, 39, 40, 41, 42, 45, 48, 52, 53, 54, 55, 56, 57, 58];[4, 5];OK;
[4, 5, 6, 8, 10, 11, 12, 15, 18, 20, 22, 24, 27, 28, 33, 34, 37, 38, 39, 40, 46, 47, 50, 51, 53, 56, 58, 59];[4, 5];OK;
[4, 5, 6, 8, 9, 10, 11, 14, 21, 22, 23, 24, 25, 29, 34, 37, 39, 40, 41, 46, 49, 50, 51, 57];[4];OK;
[4, 5, 6, 8, 9, 10, 15, 18, 19, 21, 22, 29, 32, 34, 36, 37, 39, 40, 41, 42, 44, 46, 47, 48, 51, 53, 55];[4];OK;
[4, 5, 6, 8, 9, 11, 12, 14, 15, 17, 18, 19, 21, 23, 24, 27, 28, 29, 30, 33, 34, 35, 40, 41, 42, 43, 44, 45, 46, 49, 50, 54, 57, 58, 59];[4];OK;
[4, 5, 6, 9, 12, 14, 15, 17, 19, 22, 27, 29, 31, 36, 37, 39, 40, 42, 43, 45, 47, 49, 50, 52, 55, 57, 58];[4, 5];OK;
[4, 5, 7, 10, 12, 14, 18, 20, 22, 28, 29, 31, 34, 35, 37, 38, 40, 43, 48, 50, 52, 54, 55, 57];[4, 5];OK;
[4, 5, 7, 10, 13, 14, 15, 17, 22, 23, 24, 27, 28, 29, 30, 31, 33, 34, 35, 36, 37, 39, 42, 45, 49, 50, 53, 54, 55, 57, 58, 59];[4, 5];OK;
[4, 5, 7, 11, 13, 16, 19, 21, 25, 33, 35, 39, 41, 45, 48, 49, 53, 54];[4];OK;
[4, 5, 7, 8, 10, 11, 14, 15, 16, 17, 18, 19, 28, 29, 30, 31, 34, 35, 36, 39, 43, 45, 47, 49, 51, 53, 56, 58, 59];[4, 5];OK;
[4, 5, 7, 8, 9, 11, 13, 14, 15, 17, 18, 20, 21, 28, 30, 31, 32, 35, 38, 40, 48, 51, 53, 54, 58];[4];OK;
[4, 5, 8, 10, 12, 13, 14, 15, 16, 17, 20, 22, 23, 24, 26, 27, 28, 32, 33, 34, 35, 38, 40, 43, 45, 47, 52, 53, 56];[4, 5];OK;
[4, 5, 8, 9, 12, 13, 16, 18, 20, 23, 25, 26, 27, 29, 30, 31, 32, 33, 35, 39, 43, 45, 48, 49, 50, 53, 55, 58];[4, 5];OK;
[4, 6, 12, 14, 16, 18, 19, 20, 21, 24, 25, 27, 29, 31, 34, 36, 37, 41, 44, 45, 47, 48, 51, 52, 54, 55, 58, 59];[4];OK;
[4, 6, 7, 10, 14, 15, 16, 17, 21, 24, 26, 27, 29, 30, 31, 32, 35, 37, 38, 39, 40, 42, 43, 44, 46, 47, 48, 50, 54, 55, 56, 57, 59];[4];OK;
[4, 6, 7, 10, 16, 17, 18, 20, 21, 22, 23, 25, 26, 27, 28, 30, 33, 34, 39, 42, 44, 45, 47, 50, 52, 54, 55];[4];OK;
[4, 6, 7, 8, 10, 13, 17, 18, 19, 21, 27, 29, 34, 35, 36, 37, 38, 39, 40, 43, 44, 45, 46, 47, 48, 51, 52, 54, 57, 58, 59];[4];OK;
[4, 6, 7, 8, 9, 10, 12, 14, 18, 22, 23, 30, 32, 34, 38, 48, 49, 50, 52, 54, 55, 56, 58];[4];OK;
[4, 6, 8, 14, 20, 21, 23, 24, 25, 26, 29, 30, 31, 33, 34, 36, 37, 38, 40, 42, 43, 44, 46, 47, 48, 49, 54, 55, 57];[4];OK;
[4, 6, 8, 9, 10, 13, 14, 15, 18, 19, 22, 23, 24, 25, 26, 27, 29, 30, 31, 32, 33, 36, 38, 40, 41, 42, 45, 47, 48, 50, 51, 53, 54, 55, 57, 58];[4];OK;
[4, 6, 8, 9, 11, 12, 15, 19, 20, 21, 24, 29, 30, 34, 35, 38, 39, 40, 41, 44, 45, 47, 49, 50, 51, 54, 55, 59];[4];OK;
[4, 6, 8, 9, 15, 18, 21, 22, 23, 24, 25, 26, 27, 29, 33, 34, 37, 41, 43, 44, 46, 49, 51, 54, 55, 57, 58];[4];OK;
[4, 6, 9, 10, 12, 13, 14, 15, 17, 18, 20, 21, 23, 24, 27, 28, 33, 35, 37, 38, 41, 44, 47, 55, 56, 58];[4];OK;
[4, 7, 10, 11, 13, 15, 16, 17, 19, 26, 28, 32, 34, 36, 37, 38, 41, 45, 47, 49, 52, 53, 56, 57, 58];[4];OK;
[4, 7, 10, 14, 16, 17, 18, 19, 20, 22, 24, 25, 26, 27, 28, 33, 35, 39, 40, 45, 46, 49, 50, 55, 57];[4];OK;
[4, 7, 9, 11, 12, 14, 15, 18, 21, 24, 25, 27, 28, 29, 30, 31, 32, 33, 36, 37, 38, 39, 40, 41, 42, 43, 47, 48, 49, 52, 53, 54, 55, 58, 59];[4];OK;
[4, 7, 9, 13, 15, 16, 17, 18, 20, 22, 24, 27, 29, 30, 31, 32, 33, 41, 42, 44, 46, 50, 51, 52, 55, 57, 58];[4];OK;
[4, 8, 10, 11, 13, 14, 16, 18, 21, 22, 25, 26, 28, 29, 32, 34, 35, 37, 38, 43, 44, 47, 48, 49, 50, 51, 54, 55, 58, 59];[4];OK;
[4, 8, 10, 11, 15, 16, 17, 19, 21, 25, 27, 30, 31, 33, 34, 35, 36, 37, 38, 39, 41, 42, 43, 48, 51, 53, 55, 57, 59];[4];OK;
[4, 8, 9, 10, 11, 12, 13, 15, 16, 21, 27, 29, 33, 35, 36, 37, 38, 40, 42, 43, 45, 48, 51, 52, 54, 55, 57, 58, 59];[4];OK;
[4, 9, 10, 11, 13, 17, 19, 24, 26, 27, 28, 29, 31, 37, 40, 41, 42, 44, 45, 46, 47, 48, 49, 52, 54, 56, 58];[4];OK;
[4, 9, 12, 13, 17, 18, 19, 20, 23, 24, 26, 29, 30, 31, 32, 34, 35, 36, 37, 40, 41, 42, 43, 45, 46, 47, 48, 49, 51, 55, 57];[4];OK;
[4, 9, 12, 14, 16, 19, 20, 21, 23, 24, 32, 33, 34, 36, 37, 39, 41, 44, 46, 48, 49, 50, 51, 52, 53, 56];[4];OK;
[5, 12, 17, 18, 21, 22, 24, 25, 26, 30, 32, 33, 37, 40, 41, 43, 47, 48, 49, 52, 53, 54, 55, 58, 59];[5];OK;
[5, 6, 10, 11, 16, 17, 18, 19, 23, 24, 25, 27, 28, 29, 31, 33, 34, 35, 36, 40, 42, 43, 44, 45, 46, 50, 51, 52, 53, 54, 55, 56];[5];OK;
[5, 6, 10, 16, 17, 19, 21, 22, 24, 27, 31, 32, 34, 35, 37, 38, 39, 44, 45, 46, 49, 51, 54, 55, 57, 59];[5];OK;
[5, 6, 15, 16, 17, 19, 21, 25, 27, 28, 30, 31, 32, 34, 35, 36, 37, 38, 41, 43, 44, 48, 52, 53, 56, 57];[5];OK;
[5, 6, 7, 10, 11, 13, 14, 20, 21, 22, 24, 27, 28, 31, 32, 34, 37, 38, 42, 45, 47, 49, 50, 53, 54, 55, 56, 58];[5];OK;
[5, 6, 7, 13, 15, 19, 20, 21, 22, 23, 24, 26, 28, 31, 32, 33, 34, 35, 36, 39, 41, 42, 45, 47, 48, 49, 50, 52, 56, 57, 58];[5];OK;
[5, 6, 7, 8, 10, 11, 12, 14, 15, 17, 19, 20, 23, 24, 26, 32, 34, 36, 38, 40, 41, 43, 44, 46, 48, 49, 52, 53, 54, 55];[5];OK;
[5, 6, 7, 8, 18, 21, 24, 28, 29, 30, 32, 33, 34, 40, 42, 43, 45, 49, 50, 56, 58];[5];OK;
[5, 6, 7, 8, 9, 12, 14, 15, 16, 17, 18, 20, 21, 23, 25, 26, 27, 28, 32, 33, 34, 37, 38, 39, 40, 45, 46, 47, 49, 50, 52, 53, 56, 57, 59];[5];OK;
[5, 6, 7, 8, 9, 12, 15, 17, 21, 22, 23, 24, 27, 29, 30, 31, 33, 35, 36, 37, 40, 42, 47, 49, 51, 57, 58, 59];[5];OK;
[5, 6, 7, 8, 9, 12, 15, 19, 21, 23, 29, 31, 36, 37, 38, 39, 41, 42, 44, 45, 47, 49, 52, 53, 57, 59];[5];OK;
[5, 6, 7, 9, 10, 12, 13, 17, 21, 24, 26, 27, 28, 30, 31, 38, 44, 46, 47, 48, 49, 53, 55, 56, 59];[5];OK;
[5, 6, 8, 9, 10, 11, 12, 14, 17, 22, 24, 27, 31, 35, 37, 38, 40, 42, 43, 44, 45, 47, 49, 50, 51, 52, 53, 55, 57, 58, 59];[5];OK;
[5, 6, 8, 9, 10, 13, 20, 26, 28, 30, 31, 33, 34, 35, 40, 42, 43, 47, 52, 53, 54, 55, 56, 57, 59];[5];OK;
[5, 6, 8, 9, 10, 20, 21, 25, 26, 27, 32, 36, 38, 40, 43, 45, 49, 50, 51, 57, 59];[5];OK;
[5, 7, 8, 10, 11, 15, 17, 19, 20, 23, 25, 27, 29, 31, 33, 34, 36, 39, 40, 41, 44, 47, 52, 54, 55, 59];[5];OK;
[5, 7, 8, 10, 14, 17, 18, 19, 24, 30, 32, 33, 37, 38, 39, 40, 41, 42, 43, 50, 52, 53, 54, 57, 59];[5];OK;
[5, 7, 8, 12, 13, 14, 15, 18, 19, 24, 25, 26, 27, 28, 29, 30, 31, 32, 34, 35, 37, 42, 44, 45, 48, 50, 51, 55, 58];[5];OK;
[5, 8, 9, 10, 11, 12, 13, 15, 16, 17, 18, 20, 22, 24, 25, 26, 28, 32, 35, 36, 37, 38, 40, 41, 42, 44, 49, 51, 53, 54, 56, 57];[5];OK;
[5, 8, 9, 10, 11, 13, 14, 15, 16, 17, 21, 22, 24, 25, 26, 29, 30, 32, 36, 40, 41, 42, 45, 46, 48, 49, 52, 54, 55, 57, 59];[5];OK;
[6, 11, 16, 17, 18, 19, 20, 22, 24, 26, 32, 38, 47, 48, 49, 51, 54, 58, 59];[];OK;
[6, 7, 8, 10, 12, 13, 14, 16, 17, 21, 23, 28, 32, 35, 36, 37, 38, 39, 40, 44, 45, 46, 49, 51, 52, 54, 56, 57, 59];[];OK;
[6, 7, 9, 15, 16, 18, 20, 21, 23, 25, 28, 29, 30, 31, 32, 36, 37, 38, 39, 40, 41, 48, 54, 55, 56, 57, 58];[];OK;
[7, 12, 13, 15, 16, 18, 19, 24, 25, 26, 29, 30, 33, 35, 36, 37, 40, 42, 43, 44, 45, 46, 47, 48, 52, 53, 54, 58];[];OK;
[7, 8, 10, 13, 14, 16, 17, 18, 19, 20, 21, 22, 23, 27, 28, 30, 33, 36, 38, 39, 40, 44, 46, 48, 50, 51, 54];[];OK;
[8, 9, 10, 11, 14, 15, 19, 23, 27, 30, 32, 33, 34, 35, 36, 37, 42, 43, 44, 46, 48, 51, 52, 54, 55, 56, 57, 59];[];OK;
[9, 11, 12, 13, 14, 15, 16, 18, 19, 20, 21, 22, 23, 24, 26, 28, 30, 32, 33, 34, 35, 36, 38, 40, 44, 47, 49, 50, 52, 58, 59];[];OK;

Run 0 graph
N_6 N_4 -4.5[6]
N_7 N_5 +2.1[7]
N_8 N_6 -4.6[8]
N_9 N_7---->N_5 2.9[9]
N_10 N_5 -2.8[10]
N_11 N_1 -4.2[11]
N_12 N_6 -1.5[12]
N_13 N_12 -3.9[13]
N_14 N_12 -1.8[14]
N_15 N_2 +0.8[15]
N_16 N_12---->N_6 2.5[16]
N_17 N_14 -4.1[17]
N_18 N_4 +4.7[18]
N_18 N_17 +3.3[19]
N_19 N_8 -4.7[20]
N_20 N_8 -3.3[21]
N_20 N_12 +0.8[22]
N_21 N_18---->N_17 4.8[23]
N_22 N_12 -2.2[24]
N_22 N_8 +2.0[25]
N_23 N_7 +3.3[26]
N_24 N_23 -4.4[27]
N_25 N_16 +0.4[28]
N_26 N_18 -0.2[29]
N_26 N_14 -1.4[30]
N_27 N_15 +3.3[31]
N_28 N_25 +1.5[32]
N_29 N_14 -2.4[33]
N_30 N_10 -4.7[34]
N_31 N_11---->N_1 0.5[35]
N_32 N_28 +1.7[36]
N_33 N_25 +0.5[37]
N_34 N_28 -2.3[38]
N_35 N_10 +4.4[39]
N_36 N_27 +4.1[40]
N_37 N_16 +0.9[41]
N_38 N_7 -3.3[42]
N_39 N_1 -1.5[43]
N_40 N_37---->N_16 4.6[44]
N_41 N_2 +3.5[45]
N_42 N_12 +3.9[46]
N_43 N_5 +1.0[47]
N_43 N_24 +1.6[48]
N_44 N_28 -2.6[49]
N_45 N_3 -1.1[50]
N_46 N_4 +3.4[51]
N_46 N_26 -1.9[52]
N_47 N_10 +3.1[53]
N_48 N_28 +4.2[54]
N_49 N_17 +1.5[55]
N_50 N_2 +0.6[56]
N_51 N_12 -2.5[57]
N_52 N_11 -3.6[58]
N_53 N_20 +0.5[59]
N_54 N_14---->N_12 0.6[60]
N_55 N_37---->N_16 3.3[61]

Run 1 graph
N_6 N_1 +1.7[6]
N_7 N_6---->N_1 1.2[7]
N_8 N_7 +3.1[8]
N_9 N_5 +2.5[9]
N_10 N_1 -3.3[10]
N_11 N_9 -4.0[11]
N_12 N_8 +1.0[12]
N_13 N_9 -0.0[13]
N_14 N_3 +4.9[14]
N_15 N_14 +2.4[15]
N_16 N_3 +4.1[16]
N_17 N_12 +2.5[17]
N_18 N_3 -3.0[18]
N_19 N_14 +1.7[19]
N_20 N_19 +4.3[20]
N_21 N_8 +1.3[21]
N_22 N_1 -2.4[22]
N_23 N_17 -1.2[23]
N_24 N_11 -3.8[24]
N_25 N_15 +4.7[25]
N_26 N_5 -4.3[26]
N_26 N_24 -4.6[27]
N_27 N_21 +4.6[28]
N_27 N_17 -2.2[29]
N_28 N_9 -1.2[30]
N_29 N_17 -0.3[31]
N_30 N_27 +3.4[32]
N_31 N_11 -3.8[33]
N_32 N_25 -4.0[34]
N_33 N_3 -0.9[35]
N_34 N_12 -1.3[36]
N_35 N_8 -0.2[37]
N_36 N_34 +1.3[38]
N_36 N_12 -1.6[39]
N_37 N_5 -2.1[40]
N_38 N_1 +0.4[41]
N_39 N_7 -3.2[42]
N_40 N_6 +0.0[43]
N_41 N_32---->N_25 1.5[44]
N_42 N_41 +0.3[45]
N_43 N_6 +4.4[46]
N_44 N_37 +0.0[47]
N_45 N_3 -2.1[48]
N_46 N_36 -0.7[49]
N_47 N_24 +1.1[50]
N_48 N_41 -3.6[51]
N_49 N_16---->N_3 0.6[52]
N_50 N_33 -4.3[53]
N_51 N_41---->N_32 N_25 - 4.1[54]
N_52 N_11---->N_9 2.9[55]
N_53 N_13 -2.0[56]
N_54 N_35 +2.7[57]
N_55 N_11 -3.8[58]

Run 2 graph
N_6 N_2 +0.7[6]
N_7 N_6---->N_2 2.4[7]
N_8 N_7 -3.3[8]
N_9 N_7 -1.4[9]
N_10 N_1 -1.0[10]
N_11 N_1 -1.8[11]
N_11 N_10 +4.6[12]
N_12 N_9 -1.0[13]
N_12 N_8 -1.1[14]
N_13 N_9 -2.4[15]
N_14 N_1 -1.6[16]
N_14 N_11 +0.2[17]
N_15 N_10 +1.5[18]
N_16 N_1 -0.2[19]
N_17 N_16 -1.2[20]
N_17 N_10 -0.7[21]
N_18 N_11 +1.9[22]
N_18 N_15 -0.1[23]
N_19 N_1 +2.5[24]
N_19 N_18 +0.5[25]
N_20 N_18 -3.1[26]
N_21 N_13---->N_9 1.7[27]
N_22 N_14 +1.7[28]
N_22 N_10 +0.1[29]
N_23 N_16 +3.5[30]
N_23 N_1 -2.8[31]
N_24 N_19 -3.2[32]
N_24 N_10 +4.1[33]
N_25 N_21 +4.6[34]
N_26 N_18 +1.1[35]
N_27 N_19 -0.6[36]
N_27 N_24 +2.9[37]
N_28 N_18 -3.5[38]
N_29 N_5 -3.3[39]
N_30 N_28 +0.4[40]
N_31 N_4 +0.9[41]
N_32 N_12 +3.2[42]
N_33 N_18---->N_15 0.4[43]
N_34 N_2 -4.9[44]
N_35 N_13 -1.1[45]
N_36 N_30 -1.4[46]
N_36 N_26 -3.0[47]
N_37 N_28---->N_18 0.4[48]
N_38 N_14 +3.9[49]
N_39 N_7 -2.5[50]
N_40 N_25 +3.2[51]
N_41 N_15 -0.7[52]
N_41 N_27 -4.2[53]
N_42 N_38 -2.1[54]
N_43 N_40---->N_25 4.5[55]
N_44 N_20 -4.8[56]
N_45 N_9 +2.9[57]
N_46 N_8 -4.7[58]
N_47 N_41---->N_27 4.5[59]
N_48 N_29 -2.0[60]
N_49 N_16 -1.6[61]
N_50 N_43 -3.2[62]
N_51 N_20---->N_18 3.7[63]
N_52 N_9 +2.5[64]
N_53 N_11 +3.3[65]
N_54 N_11 +0.2[66]
N_55 N_24 -1.6[67]

Run 3 graph
N_6 N_5 -0.1[6]
N_7 N_1 -1.3[7]
N_8 N_7---->N_1 1.9[8]
N_9 N_5 +3.2[9]
N_10 N_5 -2.9[10]
N_11 N_3 -0.8[11]
N_12 N_9 +2.7[12]
N_13 N_4 +3.5[13]
N_14 N_11 -4.0[14]
N_15 N_5 -1.3[15]
N_16 N_1 -0.2[16]
N_17 N_2 +1.0[17]
N_18 N_9 +2.7[18]
N_19 N_8 +2.0[19]
N_20 N_11 -4.4[20]
N_21 N_17 +0.5[21]
N_22 N_6 +4.0[22]
N_23 N_3 +2.6[23]
N_24 N_9 -1.7[24]
N_25 N_14 +2.2[25]
N_26 N_23 +4.2[26]
N_27 N_18---->N_9 4.0[27]
N_28 N_19 +2.0[28]
N_29 N_1 -2.3[29]
N_30 N_25---->N_14 0.4[30]
N_31 N_25 -4.5[31]
N_32 N_19 -2.5[32]
N_33 N_29 -2.5[33]
N_34 N_14 -2.6[34]
N_35 N_13---->N_4 4.2[35]
N_36 N_8---->N_7 N_1 - 2.4[36]
N_37 N_11 -3.8[37]
N_37 N_3 +3.1[38]
N_38 N_32---->N_19 3.5[39]
N_39 N_25 -4.0[40]
N_40 N_9 +3.6[41]
N_41 N_33 -0.4[42]
N_42 N_29---->N_1 0.1[43]
N_43 N_29 +3.7[44]
N_44 N_11 +1.6[45]
N_45 N_6 -0.5[46]
N_45 N_9 +3.0[47]
N_46 N_30 -2.4[48]
N_47 N_40 -4.0[49]
N_48 N_22---->N_6 0.6[50]
N_49 N_27 -3.6[51]
N_50 N_1 +1.3[52]
N_51 N_36 +4.9[53]
N_52 N_14 +3.4[54]
N_53 N_26 +2.5[55]
N_54 N_16 +3.7[56]
N_55 N_52 +2.5[57]

Run 4 graph
N_6 N_2 -2.3[6]
N_7 N_3 +3.4[7]
N_8 N_5 +1.2[8]
N_9 N_7---->N_3 1.6[9]
N_10 N_5 -3.2[10]
N_11 N_4 +3.2[11]
N_12 N_10 +4.1[12]
N_13 N_8 -1.3[13]
N_14 N_10 +2.4[14]
N_15 N_2 +2.2[15]
N_16 N_13---->N_8 1.9[16]
N_17 N_5 -2.0[17]
N_17 N_10 +2.9[18]
N_18 N_16 +0.4[19]
N_19 N_8 -0.6[20]
N_20 N_11 +3.6[21]
N_21 N_12 -0.3[22]
N_22 N_13 +1.4[23]
N_23 N_18 -0.6[24]
N_24 N_1 +4.0[25]
N_25 N_21 -3.4[26]
N_25 N_17 +1.9[27]
N_26 N_1 +0.9[28]
N_27 N_17---->N_10 1.6[29]
N_28 N_8 -0.1[30]
N_28 N_25 +4.2[31]
N_29 N_14 -0.2[32]
N_30 N_9 -3.3[33]
N_31 N_15 +0.6[34]
N_32 N_30 +3.9[35]
N_33 N_17 +4.8[36]
N_34 N_21 +3.4[37]
N_35 N_27 -3.0[38]
N_36 N_8 -4.9[39]
N_37 N_8---->N_5 3.4[40]
N_38 N_29 +0.2[41]
N_39 N_8---->N_5 3.1[42]
N_40 N_5 -3.2[43]
N_41 N_15 +1.1[44]
N_42 N_14 -1.9[45]
N_43 N_15 -3.5[46]
N_44 N_6 -1.0[47]
N_45 N_41 +0.0[48]
N_46 N_33 +4.9[49]
N_47 N_3 +1.5[50]
N_48 N_4 +3.4[51]
N_49 N_29 +2.0[52]
N_50 N_3 +2.4[53]
N_51 N_34 -0.9[54]
N_52 N_41 -0.4[55]
N_53 N_9 -3.5[56]
N_54 N_48 +1.1[57]
N_55 N_16 +0.0[58]

Run 5 graph
N_6 N_5 -3.0[6]
N_7 N_6---->N_5 0.2[7]
N_8 N_1 +2.1[8]
N_9 N_6---->N_5 0.3[9]
N_10 N_1 -1.0[10]
N_11 N_8 -0.0[11]
N_12 N_11---->N_8 0.9[12]
N_13 N_7 +4.9[13]
N_14 N_3 -4.7[14]
N_15 N_7 -4.6[15]
N_16 N_2 -0.7[16]
N_17 N_11 -0.6[17]
N_17 N_1 +1.7[18]
N_18 N_16---->N_2 3.6[19]
N_19 N_17 +1.0[20]
N_20 N_12 -0.4[21]
N_21 N_17 -4.4[22]
N_22 N_9 -4.8[23]
N_23 N_5 +0.6[24]
N_24 N_2 +2.2[25]
N_25 N_13---->N_7 4.0[26]
N_26 N_2 -4.2[27]
N_27 N_14 +0.5[28]
N_28 N_9 -1.1[29]
N_29 N_9 -2.8[30]
N_30 N_11 +1.3[31]
N_31 N_7 -0.2[32]
N_31 N_28 -4.3[33]
N_32 N_3 +3.2[34]
N_33 N_4 +2.5[35]
N_34 N_19 -2.7[36]
N_35 N_6 +1.3[37]
N_36 N_11 -2.2[38]
N_37 N_5 -0.6[39]
N_38 N_16 -3.5[40]
N_39 N_19 +3.7[41]
N_40 N_4 +4.9[42]
N_41 N_16 -2.0[43]
N_42 N_7 +2.7[44]
N_43 N_30 -3.6[45]
N_44 N_30 -3.6[46]
N_45 N_20 -3.0[47]
N_46 N_5 +4.6[48]
N_47 N_8---->N_1 4.0[49]
N_48 N_4 -2.5[50]
N_49 N_40 +4.1[51]
N_50 N_47 -1.4[52]
N_51 N_19 -2.5[53]
N_52 N_37 +1.0[54]
N_53 N_48 +4.3[55]
N_54 N_19 +3.3[56]
N_55 N_31 -2.1[57]

Run 6 graph
N_6 N_3 +1.0[6]
N_7 N_3 -3.1[7]
N_8 N_1 +4.0[8]
N_9 N_4 +2.9[9]
N_10 N_1 +0.2[10]
N_11 N_9---->N_4 4.0[11]
N_12 N_3 -2.9[12]
N_13 N_9 -3.2[13]
N_14 N_10---->N_1 2.4[14]
N_15 N_11 +4.3[15]
N_16 N_3 -4.0[16]
N_17 N_7 -1.2[17]
N_18 N_2 +2.1[18]
N_19 N_10---->N_1 0.4[19]
N_20 N_16 +4.5[20]
N_20 N_6 +0.6[21]
N_21 N_17---->N_7 0.5[22]
N_22 N_1 -2.5[23]
N_23 N_10 -4.5[24]
N_24 N_11---->N_9 N_4 + 3.5[25]
N_25 N_3 +1.9[26]
N_26 N_7 -1.9[27]
N_27 N_25 +2.7[28]
N_28 N_12 -2.1[29]
N_29 N_15---->N_11 2.8[30]
N_30 N_19 +2.2[31]
N_31 N_15 -3.7[32]
N_32 N_11 +4.2[33]
N_33 N_19 +4.7[34]
N_34 N_26 +1.4[35]
N_35 N_13 -2.4[36]
N_36 N_7 -4.8[37]
N_37 N_31 +3.4[38]
N_38 N_14 -4.7[39]
N_39 N_38 -0.9[40]
N_40 N_21 -3.0[41]
N_41 N_34 -4.9[42]
N_42 N_14 -1.7[43]
N_43 N_40 -2.5[44]
N_44 N_9 -0.8[45]
N_45 N_14 +4.6[46]
N_46 N_10 +1.0[47]
N_47 N_34 +3.0[48]
N_48 N_35 +1.5[49]
N_49 N_32 +0.5[50]
N_50 N_12 -3.9[51]
N_51 N_1 +4.8[52]
N_52 N_21 -0.3[53]
N_53 N_10 -1.0[54]
N_54 N_9 -1.9[55]
N_55 N_19 +1.1[56]

Run 7 graph
N_6 N_1 +2.7[6]
N_7 N_6---->N_1 1.1[7]
N_8 N_5 +2.1[8]
N_9 N_5 -2.6[9]
N_10 N_1 +1.3[10]
N_11 N_7 +2.7[11]
N_12 N_1 +1.8[12]
N_13 N_4 +2.6[13]
N_14 N_8 -0.9[14]
N_15 N_3 +1.2[15]
N_16 N_10 +0.3[16]
N_17 N_1 -2.5[17]
N_18 N_8 +3.5[18]
N_19 N_1 -4.2[19]
N_20 N_14 -0.2[20]
N_21 N_13 -3.9[21]
N_22 N_3 +3.6[22]
N_23 N_15 +4.8[23]
N_24 N_4 -1.6[24]
N_25 N_8 -0.3[25]
N_26 N_14 +3.8[26]
N_27 N_1 -2.5[27]
N_28 N_16 +0.9[28]
N_29 N_8 +4.6[29]
N_30 N_26 +1.1[30]
N_31 N_2 -0.5[31]
N_32 N_21 +3.2[32]
N_33 N_31 +0.6[33]
N_34 N_25 +2.8[34]
N_35 N_23 +2.3[35]
N_36 N_19 +0.1[36]
N_37 N_3 +2.1[37]
N_38 N_22 -4.7[38]
N_39 N_24 +3.8[39]
N_40 N_18 -0.3[40]
N_41 N_10 +4.4[41]
N_42 N_9 +4.4[42]
N_43 N_15 -1.0[43]
N_43 N_3 +2.4[44]
N_44 N_10 +3.3[45]
N_45 N_32 -2.2[46]
N_46 N_10 +3.4[47]
N_47 N_15 -0.0[48]
N_48 N_13 -2.6[49]
N_48 N_32 +1.7[50]
N_49 N_26 +3.9[51]
N_50 N_6 -4.9[52]
N_51 N_36 +1.9[53]
N_52 N_47 +4.1[54]
N_53 N_39 -0.7[55]
N_54 N_48 +1.1[56]
N_55 N_14 +3.9[57]

Run 8 graph
N_6 N_1 -4.5[6]
N_7 N_6 +1.7[7]
N_8 N_3 -1.0[8]
N_9 N_7---->N_6 2.1[9]
N_10 N_6 -1.5[10]
N_11 N_7 -0.6[11]
N_12 N_9 +4.1[12]
N_13 N_1 +4.9[13]
N_14 N_13 -3.2[14]
N_14 N_11 -4.9[15]
N_15 N_3 +1.5[16]
N_15 N_8 +1.6[17]
N_16 N_11 -1.7[18]
N_17 N_9 +3.1[19]
N_18 N_17 -3.1[20]
N_19 N_17 +2.6[21]
N_20 N_16 -0.9[22]
N_20 N_6 +0.3[23]
N_21 N_12 -3.5[24]
N_22 N_8 -4.8[25]
N_23 N_10 +3.0[26]
N_24 N_21 -2.3[27]
N_25 N_9 +3.0[28]
N_26 N_3 -4.1[29]
N_27 N_4 -1.9[30]
N_28 N_27 +3.2[31]
N_29 N_2 -0.1[32]
N_30 N_20 +4.0[33]
N_30 N_13 +4.0[34]
N_31 N_20---->N_6 4.9[35]
N_32 N_5 +4.4[36]
N_33 N_32 +0.5[37]
N_34 N_20 -0.9[38]
N_35 N_33 +0.0[39]
N_36 N_3 +2.6[40]
N_37 N_6 -2.7[41]
N_38 N_28 -0.8[42]
N_39 N_3 +0.4[43]
N_39 N_22 -3.6[44]
N_40 N_15 +2.5[45]
N_41 N_32 +3.5[46]
N_42 N_14 +3.8[47]
N_43 N_32 -2.2[48]
N_44 N_40 +0.2[49]
N_44 N_3 -4.0[50]
N_45 N_12 -0.1[51]
N_46 N_26 -1.1[52]
N_47 N_23---->N_10 1.6[53]
N_48 N_28 -3.3[54]
N_49 N_28 -4.8[55]
N_50 N_8 +2.8[56]
N_51 N_23 -3.0[57]
N_52 N_28 -3.7[58]
N_53 N_25 -4.6[59]
N_54 N_42 +2.5[60]
N_55 N_43---->N_32 1.9[61]

Run 9 graph
N_6 N_5 +3.6[6]
N_7 N_2 -0.9[7]
N_8 N_6 -3.8[8]
N_9 N_4 -4.9[9]
N_10 N_5 -3.2[10]
N_11 N_2 -1.6[11]
N_12 N_6 +4.9[12]
N_13 N_9 -2.5[13]
N_14 N_1 +0.8[14]
N_15 N_7 -3.4[15]
N_16 N_3 +2.5[16]
N_17 N_1 +3.7[17]
N_18 N_8 +0.8[18]
N_19 N_8 +3.3[19]
N_20 N_17 +0.8[20]
N_21 N_12 +2.9[21]
N_22 N_15 +1.2[22]
N_23 N_3 +4.2[23]
N_24 N_2 -3.8[24]
N_25 N_11 -1.2[25]
N_26 N_1 +2.5[26]
N_27 N_26 -1.2[27]
N_28 N_23 -2.3[28]
N_29 N_17 -1.3[29]
N_30 N_29 +0.4[30]
N_31 N_12---->N_6 1.6[31]
N_32 N_27 -1.8[32]
N_33 N_11 +3.6[33]
N_34 N_6 -1.7[34]
N_35 N_20 -3.6[35]
N_36 N_9 +3.7[36]
N_37 N_13 -3.2[37]
N_38 N_30 -0.6[38]
N_39 N_26 +3.9[39]
N_40 N_3 +4.0[40]
N_41 N_16 +2.5[41]
N_42 N_41 -3.7[42]
N_43 N_13---->N_9 4.0[43]
N_44 N_3 +0.6[44]
N_45 N_33 +3.6[45]
N_46 N_9 +3.6[46]
N_47 N_17 +4.8[47]
N_48 N_19 -2.5[48]
N_49 N_10 -3.1[49]
N_50 N_4 +1.3[50]
N_51 N_3 +2.2[51]
N_52 N_21 +3.6[52]
N_52 N_18 -0.0[53]
N_53 N_17 +2.5[54]
N_54 N_41 +4.1[55]
N_55 N_38 -2.5[56]
N_55 N_1 +1.9[57]

Run 10 graph
N_6 N_2 +0.1[6]
N_7 N_6 +0.6[7]
N_8 N_7 +4.1[8]
N_9 N_7---->N_6 2.5[9]
N_10 N_5 +2.5[10]
N_11 N_8---->N_7 1.6[11]
N_12 N_3 +2.0[12]
N_13 N_1 -0.8[13]
N_14 N_4 +3.9[14]
N_15 N_12 +0.3[15]
N_16 N_10 -2.2[16]
N_17 N_4 +0.8[17]
N_18 N_12---->N_3 0.7[18]
N_19 N_2 +4.9[19]
N_20 N_1 -0.4[20]
N_21 N_20 +1.2[21]
N_22 N_12 -1.2[22]
N_23 N_5 +2.6[23]
N_24 N_10 -0.8[24]
N_25 N_11 -1.0[25]
N_26 N_6 +2.2[26]
N_27 N_8 -1.4[27]
N_28 N_3 -3.4[28]
N_29 N_8 -2.1[29]
N_30 N_28---->N_3 2.7[30]
N_31 N_26---->N_6 1.1[31]
N_32 N_17 +2.7[32]
N_32 N_14 -0.3[33]
N_33 N_32 +3.8[34]
N_34 N_6 -4.6[35]
N_35 N_5 +2.5[36]
N_35 N_16 -4.0[37]
N_36 N_31 -2.5[38]
N_37 N_10 -2.0[39]
N_38 N_11 +2.9[40]
N_39 N_12 -0.2[41]
N_40 N_26 -2.3[42]
N_41 N_19 +2.3[43]
N_42 N_40 +2.1[44]
N_43 N_17 +4.8[45]
N_44 N_9---->N_7 N_6 + 4.5[46]
N_45 N_1 +2.3[47]
N_46 N_11 -0.8[48]
N_47 N_6 +4.3[49]
N_48 N_36 +1.2[50]
N_49 N_3 +2.7[51]
N_50 N_32 +3.6[52]
N_51 N_50 +1.9[53]
N_52 N_3 +0.4[54]
N_53 N_8 -2.4[55]
N_54 N_25 -2.4[56]
N_55 N_54---->N_25 2.0[57]

Run 11 graph
N_6 N_5 +4.4[6]
N_7 N_1 -3.2[7]
N_8 N_6 +4.3[8]
N_9 N_5 -2.0[9]
N_10 N_8 +4.9[10]
N_11 N_2 +4.9[11]
N_12 N_3 +0.5[12]
N_13 N_8---->N_6 1.2[13]
N_14 N_7 +4.2[14]
N_15 N_9 -4.7[15]
N_16 N_5 +4.1[16]
N_17 N_11 +1.4[17]
N_18 N_2 +2.7[18]
N_19 N_5 -3.4[19]
N_19 N_9 +1.8[20]
N_20 N_18 -2.2[21]
N_21 N_9---->N_5 4.5[22]
N_22 N_8 +4.7[23]
N_23 N_16---->N_5 3.1[24]
N_24 N_6 +3.5[25]
N_25 N_21 -3.6[26]
N_26 N_24---->N_6 3.3[27]
N_27 N_23 -0.5[28]
N_28 N_16 -4.9[29]
N_29 N_12---->N_3 1.4[30]
N_30 N_13 -0.2[31]
N_31 N_2 +3.0[32]
N_32 N_10 +3.5[33]
N_33 N_26 -1.6[34]
N_34 N_24 +1.8[35]
N_35 N_25 +1.2[36]
N_36 N_25 +0.7[37]
N_37 N_23 +3.8[38]
N_38 N_9 -3.2[39]
N_38 N_24 +2.5[40]
N_39 N_2 +4.6[41]
N_40 N_14 -2.0[42]
N_41 N_8 -0.3[43]
N_42 N_12 -0.9[44]
N_43 N_4 -1.2[45]
N_44 N_42---->N_12 2.9[46]
N_45 N_6 +2.1[47]
N_46 N_13 +3.4[48]
N_47 N_36 +0.9[49]
N_48 N_43 +0.7[50]
N_49 N_45 +0.3[51]
N_50 N_46 +1.3[52]
N_51 N_14 +1.9[53]
N_52 N_35 -2.1[54]
N_53 N_8 +3.6[55]
N_54 N_31 -0.7[56]
N_55 N_33---->N_26 2.2[57]

Run 12 graph
N_6 N_2 +4.6[6]
N_7 N_2 +0.7[7]
N_8 N_6 +2.5[8]
N_9 N_3 +3.6[9]
N_10 N_7 -0.0[10]
N_11 N_9 -0.8[11]
N_12 N_4 +0.0[12]
N_13 N_8 -3.4[13]
N_13 N_10 +2.1[14]
N_14 N_4 -3.8[15]
N_15 N_8 +3.2[16]
N_15 N_2 +1.8[17]
N_16 N_5 +2.2[18]
N_17 N_5 +0.6[19]
N_17 N_16 +3.8[20]
N_18 N_10 -3.4[21]
N_19 N_12 +2.2[22]
N_20 N_9 -1.4[23]
N_21 N_19 +4.5[24]
N_22 N_3 +4.1[25]
N_23 N_20 +4.6[26]
N_24 N_4 -0.4[27]
N_25 N_20 +4.5[28]
N_26 N_16 +1.4[29]
N_27 N_11 +4.0[30]
N_28 N_9 +0.5[31]
N_29 N_1 +2.5[32]
N_30 N_11 +0.8[33]
N_31 N_1 +3.4[34]
N_32 N_17 -0.1[35]
N_33 N_29 -3.3[36]
N_34 N_2 +2.1[37]
N_35 N_23 +0.9[38]
N_36 N_24 +0.5[39]
N_37 N_2 +0.6[40]
N_38 N_19 +3.0[41]
N_39 N_20 -2.8[42]
N_40 N_12 +0.7[43]
N_41 N_3 -4.5[44]
N_42 N_28 +3.5[45]
N_43 N_33---->N_29 4.6[46]
N_44 N_29 -4.6[47]
N_45 N_33 -1.5[48]
N_46 N_13---->N_8 0.8[49]
N_47 N_1 -4.5[50]
N_48 N_2 -4.1[51]
N_48 N_7 -2.3[52]
N_49 N_24 -2.4[53]
N_50 N_8 -4.5[54]
N_51 N_43---->N_33 N_29 - 1.2[55]
N_52 N_15 -0.4[56]
N_53 N_43---->N_33 N_29 - 0.8[57]
N_54 N_29 +1.2[58]
N_55 N_48 -0.2[59]

Run 13 graph
N_6 N_2 +1.7[6]
N_7 N_6 -3.4[7]
N_8 N_4 +4.5[8]
N_9 N_3 -3.1[9]
N_10 N_4 +4.9[10]
N_11 N_8 -1.6[11]
N_12 N_6 +1.7[12]
N_13 N_8 -1.8[13]
N_14 N_13 +4.5[14]
N_15 N_8 -0.0[15]
N_16 N_12 -3.4[16]
N_17 N_6---->N_2 2.0[17]
N_18 N_15 -1.4[18]
N_19 N_2 +4.0[19]
N_20 N_4 -3.0[20]
N_21 N_13---->N_8 1.1[21]
N_22 N_13---->N_8 2.3[22]
N_23 N_9 -0.8[23]
N_24 N_4 -4.5[24]
N_25 N_15 -2.8[25]
N_26 N_8 -4.5[26]
N_27 N_9 +1.5[27]
N_28 N_11 -3.4[28]
N_29 N_9---->N_3 2.5[29]
N_30 N_10 -1.5[30]
N_30 N_18 -2.1[31]
N_31 N_14 +2.3[32]
N_32 N_10 +3.9[33]
N_33 N_18 +2.5[34]
N_34 N_9 +1.5[35]
N_35 N_4 -0.2[36]
N_36 N_10 +4.7[37]
N_37 N_8 -0.5[38]
N_38 N_24 +1.5[39]
N_39 N_28 -4.6[40]
N_40 N_9 +4.6[41]
N_41 N_25---->N_15 2.4[42]
N_42 N_31 -1.1[43]
N_43 N_21 +3.1[44]
N_44 N_3 +0.6[45]
N_45 N_17 +0.8[46]
N_46 N_5 -0.9[47]
N_47 N_23 +4.4[48]
N_48 N_41 -3.7[49]
N_49 N_31 +3.1[50]
N_49 N_14 -2.3[51]
N_50 N_44 +3.9[52]
N_51 N_7 -0.1[53]
N_52 N_1 +2.8[54]
N_53 N_22 +3.2[55]
N_54 N_45 +1.2[56]
N_55 N_26 +4.1[57]
N_55 N_15 +0.0[58]

Run 14 graph
N_6 N_4 +2.8[6]
N_7 N_1 +0.6[7]
N_8 N_2 -2.5[8]
N_9 N_6---->N_4 4.8[9]
N_10 N_3 +0.5[10]
N_11 N_9 -0.1[11]
N_12 N_6 +2.1[12]
N_13 N_2 +0.3[13]
N_14 N_12 +2.0[14]
N_15 N_3 +3.1[15]
N_16 N_12 +0.2[16]
N_17 N_13 +3.2[17]
N_18 N_9---->N_6 N_4 + 0.7[18]
N_19 N_4 +3.8[19]
N_20 N_10 +0.0[20]
N_21 N_14 +0.3[21]
N_22 N_17 -2.6[22]
N_23 N_14 -2.0[23]
N_24 N_17 +2.9[24]
N_25 N_9 +1.9[25]
N_26 N_6---->N_4 1.4[26]
N_27 N_26 +0.3[27]
N_28 N_11 +2.4[28]
N_29 N_10 +2.6[29]
N_30 N_5 -2.9[30]
N_31 N_28 -4.3[31]
N_32 N_9---->N_6 N_4 + 0.6[32]
N_33 N_1 +1.2[33]
N_34 N_17 +0.7[34]
N_35 N_31 +3.2[35]
N_36 N_20 -4.5[36]
N_37 N_2 -1.1[37]
N_38 N_24 +2.8[38]
N_38 N_17 -2.7[39]
N_39 N_25 +0.6[40]
N_40 N_9 -1.4[41]
N_41 N_20 -0.4[42]
N_42 N_30 -0.4[43]
N_43 N_29 +4.7[44]
N_44 N_8 -2.8[45]
N_45 N_9 +3.9[46]
N_46 N_5 +1.5[47]
N_47 N_33 -0.7[48]
N_48 N_40 -3.5[49]
N_48 N_31 -3.8[50]
N_49 N_10 +0.3[51]
N_50 N_42 -3.9[52]
N_51 N_14 -3.1[53]
N_52 N_20 +0.7[54]
N_53 N_17 -4.2[55]
N_54 N_42 +0.3[56]
N_55 N_35 -0.3[57]

Run 15 graph
N_6 N_5 -4.6[6]
N_7 N_4 +1.1[7]
N_8 N_6 +1.5[8]
N_9 N_3 +0.5[9]
N_10 N_7 +1.5[10]
N_11 N_1 -3.6[11]
N_12 N_4 +1.9[12]
N_13 N_4 +1.3[13]
N_13 N_10 +3.2[14]
N_14 N_5 +3.7[15]
N_15 N_10 -3.2[16]
N_16 N_9 -3.5[17]
N_17 N_7 +1.7[18]
N_18 N_10 -0.4[19]
N_18 N_15 -3.0[20]
N_19 N_3 +4.7[21]
N_20 N_10 -0.0[22]
N_21 N_3 +4.6[23]
N_22 N_14---->N_5 2.9[24]
N_23 N_10 +4.2[25]
N_24 N_11 +2.4[26]
N_25 N_5 -0.5[27]
N_26 N_6 +1.8[28]
N_27 N_8---->N_6 3.4[29]
N_28 N_16 -0.6[30]
N_29 N_16 +0.0[31]
N_30 N_8 +0.7[32]
N_31 N_23 +0.3[33]
N_32 N_20 -1.8[34]
N_33 N_20 -0.5[35]
N_34 N_13 +3.2[36]
N_35 N_20 -4.3[37]
N_36 N_33 -3.8[38]
N_37 N_34 +4.6[39]
N_38 N_18 -2.2[40]
N_38 N_23 -1.5[41]
N_39 N_14 +0.9[42]
N_40 N_37 -3.8[43]
N_41 N_35 -3.0[44]
N_42 N_30 -0.8[45]
N_43 N_14 +3.9[46]
N_44 N_9 +2.5[47]
N_45 N_34 +2.3[48]
N_46 N_8 -4.3[49]
N_47 N_16 +0.9[50]
N_48 N_20 -3.7[51]
N_49 N_2 -1.9[52]
N_50 N_42 +1.2[53]
N_51 N_19 -0.1[54]
N_52 N_12 -1.6[55]
N_53 N_11 -3.1[56]
N_54 N_2 -3.0[57]
N_55 N_40 +0.4[58]

Run 16 graph
N_6 N_1 -0.6[6]
N_7 N_3 -2.1[7]
N_8 N_2 +0.9[8]
N_9 N_8 +2.0[9]
N_10 N_7---->N_3 0.4[10]
N_11 N_6---->N_1 4.8[11]
N_12 N_9 +2.5[12]
N_13 N_1 +2.1[13]
N_14 N_5 +1.2[14]
N_15 N_12 +2.7[15]
N_16 N_15 -1.9[16]
N_17 N_1 +2.6[17]
N_18 N_8 +2.8[18]
N_19 N_15 -3.2[19]
N_20 N_5 +3.4[20]
N_21 N_14 -1.4[21]
N_22 N_18 +2.2[22]
N_23 N_3 +0.5[23]
N_24 N_6---->N_1 1.5[24]
N_25 N_14 +4.9[25]
N_26 N_7 -2.3[26]
N_27 N_19 -1.0[27]
N_28 N_17 +0.6[28]
N_29 N_17 -2.5[29]
N_30 N_11 -4.1[30]
N_31 N_15 +3.8[31]
N_32 N_18---->N_8 1.1[32]
N_33 N_5 +3.9[33]
N_34 N_7 -2.9[34]
N_35 N_2 -4.1[35]
N_36 N_32 -4.8[36]
N_37 N_21 -3.6[37]
N_38 N_2 +2.0[38]
N_39 N_6 -3.3[39]
N_39 N_13 +2.7[40]
N_40 N_7 +2.9[41]
N_41 N_26 +2.7[42]
N_42 N_29 +3.1[43]
N_43 N_2 +0.4[44]
N_44 N_16---->N_15 1.4[45]
N_45 N_4 -0.8[46]
N_46 N_19---->N_15 1.1[47]
N_47 N_18 +2.3[48]
N_48 N_3 +0.1[49]
N_49 N_44 +1.9[50]
N_50 N_24 +4.8[51]
N_51 N_39 +2.3[52]
N_52 N_22 -1.1[53]
N_53 N_3 -4.0[54]
N_54 N_49 +1.3[55]
N_55 N_40 -0.8[56]

Run 17 graph
N_6 N_3 +0.2[6]
N_7 N_3 +2.7[7]
N_8 N_1 -0.4[8]
N_9 N_1 -0.0[9]
N_10 N_5 +4.7[10]
N_11 N_5 -3.0[11]
N_12 N_1 -2.5[12]
N_13 N_3 -2.5[13]
N_14 N_8 +1.0[14]
N_15 N_4 -4.4[15]
N_16 N_10---->N_5 2.7[16]
N_17 N_8 +3.6[17]
N_18 N_15 -0.0[18]
N_19 N_14 +0.8[19]
N_20 N_6 +1.1[20]
N_20 N_13 +1.5[21]
N_21 N_11 +4.9[22]
N_22 N_7 +1.9[23]
N_23 N_4 +2.3[24]
N_24 N_21---->N_11 2.5[25]
N_25 N_11 +1.2[26]
N_26 N_25 +2.0[27]
N_27 N_16---->N_10 N_5 + 2.8[28]
N_28 N_6 +3.5[29]
N_29 N_17 +2.0[30]
N_30 N_3 +2.4[31]
N_31 N_26---->N_25 1.7[32]
N_32 N_25 +4.2[33]
N_33 N_30 +2.2[34]
N_34 N_28 -3.2[35]
N_35 N_21 -4.5[36]
N_36 N_26---->N_25 0.5[37]
N_37 N_32 +2.8[38]
N_38 N_16---->N_10 N_5 + 1.8[39]
N_39 N_5 -4.9[40]
N_39 N_21 +4.5[41]
N_40 N_25 +4.6[42]
N_41 N_9 -4.3[43]
N_42 N_26 -2.6[44]
N_42 N_11 -4.6[45]
N_43 N_13 -1.0[46]
N_43 N_33 +4.1[47]
N_44 N_11---->N_5 2.9[48]
N_45 N_9 -0.6[49]
N_46 N_25 -0.8[50]
N_46 N_5 +2.4[51]
N_47 N_10 +3.3[52]
N_48 N_40 +0.6[53]
N_49 N_2 +3.8[54]
N_50 N_45 +3.6[55]
N_51 N_33 +4.8[56]
N_52 N_29 -0.2[57]
N_53 N_29 +3.0[58]
N_54 N_9 +3.0[59]
N_55 N_15 +0.1[60]

Run 18 graph
N_6 N_1 +3.8[6]
N_7 N_2 +2.1[7]
N_8 N_3 -4.6[8]
N_9 N_6 -2.0[9]
N_10 N_5 -0.6[10]
N_11 N_1 -4.1[11]
N_12 N_8 -1.4[12]
N_13 N_2 -1.0[13]
N_14 N_13 +4.3[14]
N_15 N_1 +4.1[15]
N_16 N_1 -4.0[16]
N_17 N_10 +2.0[17]
N_18 N_17 -0.5[18]
N_19 N_16 +2.0[19]
N_20 N_18 +0.9[20]
N_21 N_4 +3.8[21]
N_22 N_14 +0.0[22]
N_23 N_6 +4.5[23]
N_24 N_19 -0.8[24]
N_25 N_7 -2.2[25]
N_26 N_7 -4.6[26]
N_27 N_16 +1.1[27]
N_28 N_27 -0.2[28]
N_29 N_5 +3.9[29]
N_30 N_5 +4.9[30]
N_31 N_11 +1.9[31]
N_32 N_17 +0.6[32]
N_33 N_12 -4.5[33]
N_34 N_29 +3.7[34]
N_35 N_26 -2.6[35]
N_36 N_29 +3.2[36]
N_37 N_14 +4.2[37]
N_38 N_37---->N_14 2.8[38]
N_39 N_21---->N_4 2.7[39]
N_40 N_17 -4.7[40]
N_41 N_27 -1.4[41]
N_42 N_2 -3.0[42]
N_43 N_5 -0.6[43]
N_44 N_30---->N_5 1.3[44]
N_45 N_40 +1.7[45]
N_46 N_41 +1.5[46]
N_47 N_13 -2.1[47]
N_48 N_6 -4.9[48]
N_49 N_46 +3.8[49]
N_49 N_23 +4.9[50]
N_50 N_49 -4.2[51]
N_51 N_46 +0.8[52]
N_51 N_41 -2.7[53]
N_52 N_18 -3.6[54]
N_53 N_35 -0.7[55]
N_54 N_44 -4.8[56]
N_55 N_31 -3.4[57]

Run 19 graph
N_6 N_3 -0.7[6]
N_7 N_6 -4.0[7]
N_8 N_7---->N_6 0.3[8]
N_9 N_2 +4.8[9]
N_10 N_1 +1.7[10]
N_11 N_1 +2.5[11]
N_12 N_2 +1.0[12]
N_13 N_6 +2.4[13]
N_14 N_6 -3.2[14]
N_15 N_8 +1.2[15]
N_16 N_13 +0.3[16]
N_17 N_14 +0.9[17]
N_18 N_11 +3.6[18]
N_19 N_13---->N_6 0.0[19]
N_20 N_6---->N_3 4.8[20]
N_21 N_4 +2.1[21]
N_22 N_12 -1.1[22]
N_23 N_18 +4.0[23]
N_23 N_1 -3.0[24]
N_24 N_20 -2.6[25]
N_25 N_24 -0.7[26]
N_26 N_20 -3.5[27]
N_27 N_20 -4.2[28]
N_28 N_18 -3.0[29]
N_28 N_10 -2.6[30]
N_29 N_8 -2.4[31]
N_30 N_29---->N_8 0.3[32]
N_31 N_9---->N_2 3.9[33]
N_32 N_7 -0.2[34]
N_33 N_23 -1.8[35]
N_34 N_28 -0.9[36]
N_34 N_23 +1.6[37]
N_35 N_34 -1.9[38]
N_36 N_23 +2.1[39]
N_37 N_7 -3.0[40]
N_38 N_23 +2.9[41]
N_39 N_9 -2.8[42]
N_40 N_33 -2.8[43]
N_41 N_15 -1.7[44]
N_42 N_3 +2.5[45]
N_43 N_35 +3.4[46]
N_44 N_42 +4.0[47]
N_45 N_24 +4.1[48]
N_46 N_21 +3.1[49]
N_47 N_7---->N_6 1.0[50]
N_48 N_12 +0.2[51]
N_49 N_1 +1.9[52]
N_50 N_10 -0.0[53]
N_51 N_43 +2.4[54]
N_52 N_1 -2.9[55]
N_53 N_21 +3.9[56]
N_54 N_48 -1.1[57]
N_55 N_11 -4.9[58]
N_55 N_10 +0.5[59]
